Wallet,Age_Days,Days_Active,Total_Tx,Avg_Tx_Day,max_addresses,addr_nghbor,Tokens_Traded,Token_Counterparties,SOL_Counterparties,SOL_In,SOL_Out,Net_SOL_Transfer,SOL_Balance,USD_In,USD_Out,USD Balance,Gas_Paid_By_Others,Gap_Top4_Hrs,Gap_Others_Hrs,owner
6YJhR4erg7afSRRBVbNLZxHsvV39S46TDKejXgjJDFE4,144,2,12.0,6.0,14,2,3,1,0,0.0,0.0,0.0,0.0,0.0,14000.0,0.0,1.0,1048.41,0.0,unknown
EPARKNSw62mHtQWZw4YWzoFTqc9wGCY6GTwgav88CSQ4,13,2,4.0,2.0,11,0,1,1,2,0.0,0.0,0.0,0.0,0.0,0.0,0.0,2.0,4.31,0.0,unknown
2TVWVpbPYdfPFhXnr1Ji9X3mD3KWJRzY9mVXyqoHJSKg,113,15,119.0,7.93,60,14,13,1,0,1277.3,1277.3,0.0,0.0,0.01,0.0,0.01,1.0,876.12,17.92,unknown
ASTyfSima4LLAdDgoFGkgqoKowG1LZFDr9fAQrg7iaJZ,0,1,0.0,0.0,0,0,0,0,0,0.0,0.0,0.0,33145.85,0.0,0.0,2200796.71,0.0,0.0,0.0,wallet
59HfznzaC8zwz9DJxNbbGo9LSWDYZnGeCi2kh9p4dPWC,42,33,687.0,20.82,56,193,117,1,0,2797.7,2797.7,0.0,0.0,0.0,0.0,0.0,1.0,768.15,34.14,unknown
E8zVGNkGX7bucZZvQNmQgHk9LwAHV52GTsv8PjXKes8t,30,20,103.0,5.15,57,38,20,1,0,293.0,293.0,0.0,0.0,0.0,0.0,0.0,1.0,276.09,19.88,unknown
9EKMLQyEWpuhTgcvYD9i6nvym65ipd3bBKhgsN5UUiRo,12,10,1000.0,100.0,22,4,7,2,5,4.7,4.7,-248047.3,0.61,0.0,0.0,30.5,1.037344398340249,181.57,96.68,wallet
9jyQWbtWPfKPz5xiK4xsTn4JY9ZSJcPpdWq5tAWQESvn,63,16,84.0,5.25,51,25,14,1,0,196.7,196.7,0.0,0.0,0.0,0.0,0.0,1.0,589.38,5.82,unknown
ETCsgkTUKbc1ryq2yHz3e7YKipNm8BN4q9mokXG3ao7W,53,29,198.0,6.83,60,55,48,1,0,292.8,292.8,0.0,0.0,0.03,0.0,0.03,1.0,1125.9,47.26,unknown
Bk1JpW5od6A93YDsAVBq5AHatrwCghSE7iw59RCdCnnp,14,10,676.0,67.6,36,181,121,1,29,310.5,310.5,0.0,0.27,0.0,0.0,0.0,12.071428571428571,90.45,8.44,wallet
9fQz7nT3rQwKqqjEpFShRwXCr7hKUVNxhMuizfXdSowL,14,10,623.0,62.3,36,174,116,1,28,1147.6,1147.6,0.0,0.41,0.0,0.0,0.0,12.46,105.36,18.14,wallet
3teLAWLLypsFiNVkqX8x81zrrE9wTxDR2ftdHx9k5PRN,47,19,273.0,14.37,62,136,56,0,40,438.8,438.8,0.0,0.0,0.0,0.0,0.0,2.294117647058824,679.33,133.83,unknown
4pywys8PgXjrMsWqWW6Xnh4F2KmEy6E9yRcAJ7pr5ESf,195,10,127.0,12.7,50,28,11,1,0,150.7,150.7,0.0,0.0,0.0,0.0,0.0,1.0,1132.85,1.11,unknown
FLvJsKnC5hkSquueScdKWhqeWKPqKSZnTFjAFzBQWXbh,14,10,636.0,63.6,36,178,117,1,28,286.8,286.8,0.0,0.3,0.0,0.0,0.0,11.77777777777778,105.36,17.67,wallet
FVRBoThLdRxxEHMtgzGJTzMgpquHHhzK8LhdhWG6eGH1,27,11,38.0,3.45,14,0,7,1,0,0.0,0.0,0.0,0.0,0.0,0.0,0.0,1.0,178.46,2.86,unknown
7Em2UHpXAfu19JjGjQ3YamSadrjmN4EG4gA6oeGbZJZz,744,202,1000.0,4.95,63,65,119,4,27,2171.1,2171.1,-1000000.0,0.45,0.0,26378.76,0.0,1.607717041800643,12689.78,642.38,wallet
Gmw6ER45zcic2J66KxU4dtKy3G8XoEGNzRFWYsvthLRx,11,7,106.0,15.14,59,30,13,1,0,40.2,40.2,0.0,0.0,1732.5,1149.8,900.0,1.0,216.03,10.4,unknown
BmrePz8yC2PDfTepAsTS4BtNZudbGbbrK53BJR5Bsn6g,21,2,8.0,4.0,14,0,5,1,0,0.0,0.0,0.0,0.0,0.0,0.0,0.0,1.0,2.57,0.0,unknown
FTpGQUv9on84qSNC5wnS4au5tKqDbRd97RJJHvSBKo2E,198,56,375.0,6.7,48,29,70,1,0,1670.1,1160.1,0.0,0.0,9092.89,9092.89,0.0,1.0,2580.06,32.4,unknown
9oust22y2ijFcYZ8eESLK2fg6bevC5doRuVK9c4Y3RHG,122,60,601.0,10.02,58,36,31,1,0,149.7,146.0,0.0,0.0,6140.9,6455.23,0.01,1.0,2126.87,90.15,unknown
PzdGScLJRckqHk9WgV2EgmiCNdGScUNEBvZ2TTs5oFA,84,42,1000.0,23.81,64,463,92,0,2,7166.5,7166.5,0.0,0.36,0.0,23257.6,8447.51,1.0,1932.24,134.55,wallet
BTK6hFH9y1shgyY8cqeKXyyVWHxMHfVkALFjE5qizZP6,52,19,126.0,6.63,62,30,32,1,0,33.1,33.1,0.0,0.0,0.0,0.0,0.0,1.0,906.28,14.24,unknown
6WRNy3vKHYcBonwWj8VBR4tnG8b7xwP4ypdaDEaJ9T7s,12,12,219.0,18.25,53,81,11,1,0,2807.5,2807.5,0.0,0.0,0.0,0.0,0.0,1.0,235.21,17.15,unknown
BpQKBzBJrXoqFJkDKngki3K2tUhUTkjYFnMj42fdw2Sb,111,4,16.0,4.0,33,5,6,1,0,11.4,11.4,0.0,0.0,0.0,0.0,0.0,1.0,25.5,0.2,unknown
EG8S5Rqz9jd7bV3iGSxBQD2W719su28iei5fYcqyW2PW,14,10,62.0,6.2,61,20,16,1,0,46.5,46.5,0.0,0.0,0.0,0.0,0.0,1.0,172.85,9.73,unknown
Akm5XVptijX5C91PhUGThBVooXc2wBqc89YGgYx3tRHG,11,2,4.0,2.0,13,0,1,1,1,0.0,0.0,-1249000.4,0.01,0.0,0.0,0.0,1.0,8.52,0.0,wallet
JBzF5x83bcLn12UXYyA12syZNum8SByxyLWmpRAAWJpS,316,11,120.0,10.91,58,84,15,2,3,4169.0,4169.0,0.0,0.0,0.0,0.0,0.0,1.6666666666666667,437.59,8.73,unknown
7xjLqF1tsEmbhti5VdcnDEsPtXM7GRmpJ5mkbCyLHd84,103,95,1000.0,10.53,60,79,201,1,0,133.5,133.5,0.0,0.0,3158.15,3298.15,0.04,1.0,2267.39,32.37,unknown
EGk2HTSNyoDdYsP1CS1Sxr4JAcnZRnWnP1cH6nzGD1uQ,14,8,550.0,68.75,36,156,103,1,26,231.5,231.5,0.0,0.0,0.0,0.0,0.0,12.22222222222222,126.12,31.38,wallet
F3dzhfqPG8DvbLkzBzmcuXrAmpBSHcUhkR1v2AFX3M6t,114,5,17.0,3.4,54,14,8,1,0,77.9,77.9,0.0,0.0,0.0,0.0,0.0,1.0,655.84,1.97,unknown
2udQZMJ2v7YebYwuESKSBv6z9kPnDiKji3gvu1gSr26W,12,13,143.0,11.0,50,18,40,1,0,142.2,142.2,1900000.0,0.0,0.0,0.0,0.0,1.0,233.13,2.46,unknown
93LQw9DZrEKK4HSSTmcHU4ivnXcz66rR7M6qL7w4Xw7M,49,27,462.0,17.11,42,25,25,1,0,975.4,975.4,0.0,0.0,0.0,0.0,0.0,1.0,375.36,9.92,unknown
HNt4sfTQBSAYQz8z1pYZKYVVEDbsdx74X5DMmtrSFo9E,42,21,87.0,4.14,41,13,14,1,0,60.2,60.2,0.0,0.0,0.0,0.0,0.0,1.0,453.14,19.48,unknown
2wKfUncKZfTcvu81z4fLTARxnmbSsTn2oQ4Nmi7zxnyu,90,77,1000.0,12.99,62,160,253,1,0,775.0,771.1,0.0,0.0,0.0,0.0,0.0,1.0,1605.96,55.0,unknown
Nmrz6kBLBs86aYAwb7PXxqk5g6mdTPtSvJYbVx8C2G7,53,19,92.0,4.84,58,37,40,1,0,45.8,45.8,0.0,0.0,0.0,0.0,0.0,1.0,759.13,10.74,unknown
6wcBA2XkF9dmFw99vkLjp9tYp2mTZDtv2JtGxwBmghRG,26,5,29.0,5.8,26,9,3,0,8,23.9,23.9,0.0,0.05,0.0,0.0,0.0,1.8125,0.01,0.0,wallet
48nxKZxmMEdqqHq45yw2ezH5qubsQYXQ3YZTZD9CMpm5,13,2,6.0,3.0,32,6,2,0,0,39.5,39.5,0.0,0.0,0.0,0.0,0.0,1.0,6.94,0.0,unknown
EATXXFD14cbZT4DXrtGMCZefLbbyh1XEBHomCHQoDvZi,128,38,560.0,14.74,64,202,68,3,17,918.9,918.9,-628909.62,0.0,0.0,19225.96,0.0,1.0626185958254268,2689.37,98.6,unknown
8NV44QTyS7dbRE7muxhpdM2yVyWmZKLWQTj9rB8pgSGY,188,117,1000.0,8.55,28,0,75,2,8,0.0,0.0,-465165.85,0.73,0.0,0.0,0.0,1.11731843575419,2515.0,147.5,wallet
CHTyphpMpKoSbypDLPJHAsreFqWyLKENzfuw8YkXsPnJ,14,1,2.0,2.0,14,0,2,1,0,0.0,0.0,0.0,0.0,0.0,0.0,0.0,1.0,2.08,0.0,unknown
GyDDz2Gmkvdx64MemVhsjnAcMYevg3hKLhBfziCj2jJC,141,37,229.0,6.19,39,49,58,1,0,139.7,139.2,0.0,0.0,0.0,60.0,0.0,1.0,859.2,4.78,unknown
9GJ63Wo5vSEoiJgsEhunmvQjGCN1rhcE1vk6HArS4MS1,194,31,217.0,7.0,43,25,28,1,0,333.3,330.3,0.0,0.0,0.0,0.0,0.0,1.0,1392.98,26.58,unknown
iswdcY75QmJArY7dfh8PWQroYE67kWhu7iVwJqMwnxd,27,9,120.0,13.33,59,40,17,1,0,153.6,153.6,0.0,0.0,0.0,0.0,0.0,1.0,192.1,1.39,unknown
6kL4NjxXpyuZbb1FN8SSdQ1j4b6rYS4j3eEG8rDjcYP5,11,12,146.0,12.17,48,11,38,1,0,6.9,6.9,0.0,0.0,0.0,0.0,0.0,1.0,145.12,4.15,unknown
DuorCNyw7fcs8NLs2DYccBVTLzG6o2PHUBHH1XFDxD4j,12,1,8.0,8.0,32,5,3,1,0,28.8,28.8,0.0,0.0,0.0,0.0,0.0,1.0,3.14,0.0,unknown
ESvb9BZGZwc3WmJNQotmZbMsx1GJPCf2CqhZdPVsHJuq,105,4,38.0,9.5,14,3,6,1,0,312.8,156.4,0.0,0.0,0.0,0.0,0.0,1.0,549.95,0.12,unknown
6vcQsZa88smLoMacnKEqvnD2Q6msHkpPnGSBWG2rq47q,59,28,578.0,20.64,54,24,72,1,0,264.7,264.7,0.0,0.0,0.0,0.0,0.0,1.0,511.83,3.7,unknown
FHZMLrqPqwjs9doE8y19TFi4gzLP4A9XzmnqW4Cg3f3Q,29,15,138.0,9.2,55,48,25,1,0,321.6,321.6,0.0,0.0,0.0,0.0,0.0,1.0,549.24,62.71,unknown
4FBx3bWHBLvPYFeUYec2WQ9qtVQpveTteg9AFAJLBEF5,23,20,126.0,6.3,54,57,25,1,0,163.5,163.5,0.0,0.0,0.0,0.0,0.0,1.0,286.65,15.07,unknown
E5WuLG31QzEniceV18x5CwRmDjGuFqrj2ZQcJnFXro3o,67,58,1000.0,17.24,64,316,149,1,41,1099.4,1099.4,0.0,0.02,0.0,5.7,3650.72,1.0905125408942202,1574.76,165.78,wallet
6GEcqzVuGGC9b47E7W2UjhuXLNQDuDVFxEmuVF64C6YU,136,7,34.0,4.86,14,0,5,1,0,0.0,0.0,0.0,0.0,0.0,0.0,0.0,1.0,751.08,6.05,unknown
DWXL1HLur1FHvkkgzHi3keXcuVnRH8X8Q6Mc3YWfU5VA,88,70,1000.0,14.29,62,315,96,1,0,1509.0,1477.1,0.0,0.0,45971.6,37661.06,0.08,1.0,2070.06,190.69,unknown
fm5g7amdWpRhQtJPKQwUi5qEpZAbf2yM6kuAUrVw2Y1,14,2,4.0,2.0,34,4,3,1,0,1.0,1.0,0.0,0.0,0.0,0.0,0.0,1.0,31.43,0.0,unknown
CqUSz2J2zvKruaG7EXrfRZMja2e7JNAgMMeneqHbtJ1C,19,7,20.0,2.86,32,6,7,1,0,30.1,30.1,0.0,0.0,0.0,0.0,0.0,1.0,93.74,2.81,unknown
8QV557ZSbnQQN2rLpFJ9TbwVeTcaXeVPfmVg9J26Vjt7,112,26,128.0,4.92,31,11,28,1,0,191.4,150.5,0.0,0.0,0.0,0.0,0.0,1.0,748.83,1.8,unknown
HZw8oZTKAgNvjpzjNtfnmLBuqptSQk9yYACTkdWXYwAd,13,3,11.0,3.67,14,0,2,1,0,0.0,0.0,250000.0,0.0,0.0,0.0,0.0,1.0,206.64,0.0,unknown
DK619JRnmg2R9wMzsAJ1BTSvqobjrnFBY7s4hAegWkUa,19,8,29.0,3.62,48,14,15,1,0,6.1,6.1,0.0,0.0,0.0,0.0,0.0,1.0,109.9,3.96,unknown
ASg3rdKZaS4ZbwJfE41ZLpL9vaPuA5zLkMrz3SLdUAmN,131,11,116.0,10.55,58,30,18,1,0,57.1,57.1,0.0,0.0,4748.56,3727.63,0.0,1.0,1531.93,3.73,unknown
FRD1QDFWdvsxBVTWkyfAbNpiJ9UgUseKjFA3PSHgqJ9r,85,28,68.0,2.43,22,5,19,2,9,4.2,4.2,-28100.6,0.02,0.0,254.53,0.0,1.3333333333333333,805.06,49.7,wallet
Cd9XghZmMcJsugMzk1xJo98ZAK9fwrTDrT7yeBXHiNkT,60,41,175.0,4.27,55,38,64,1,0,18.0,18.0,0.0,0.0,0.0,0.0,0.0,1.0,1169.07,24.94,unknown
BaKkL4QMyzXkvV3N4PZ186Zo7RDgTUm5YPvqeEXELaFo,121,38,190.0,5.0,59,84,66,1,0,252.4,241.6,0.0,0.0,731.45,1333.02,0.0,1.0,1484.94,3.34,unknown
GNZfFHyvCmHDKrfnqSGhyipQwUDpwVMhRLgHjd2wby6u,32,11,56.0,5.09,32,8,9,1,0,48.8,48.8,0.0,0.0,0.0,0.0,0.0,1.0,288.61,0.4,unknown
D2gWcWFFSRUZ5xNKnXLkNDMhGQEwyzvBiEcRChq9d75x,14,1,3.0,3.0,14,0,2,1,0,0.0,0.0,0.0,0.0,0.0,0.0,0.0,1.0,2.17,0.0,unknown
7APAPwzpXuwerQKGb8YSUyvxEvMfVHgUqK4kvvAz5UP1,14,4,74.0,18.5,64,44,18,0,4,10.7,10.7,0.0,0.0,0.0,0.0,0.0,1.15625,126.25,74.79,unknown
2WeuWuDpTLo6rdp4YxDU4ku4i2WMeUo3zHENp7SbGyDC,201,74,318.0,4.3,47,92,124,1,0,173.4,173.4,0.0,0.0,0.0,0.0,0.0,1.0,1611.58,28.61,unknown
CbpEK9S97g7ARMubpLqmqPrQMAze1N2TbHEYn31fUhyv,60,25,100.0,4.0,56,20,48,1,0,16.5,16.5,0.0,0.0,0.0,0.0,0.0,1.0,1098.02,7.14,unknown
FpW2jARzGgUPt1Tm62VFjY9fg9itgC2F69DVVdptQW5V,454,158,624.0,3.95,28,2,137,4,7,0.6,0.6,-952927.8,0.6,0.0,0.0,0.0,1.4892601431980907,5700.19,448.76,wallet
DRUJa6YbemPNLruvi8kMJQem2fvZawsJNzH8LrSRzPmd,325,151,949.0,6.28,26,4,74,2,9,5.4,5.4,-185631.1,0.59,0.0,0.0,0.0,1.278975741239892,2726.91,133.86,wallet
mUs4RA22dDMzGDvxhSL5WpmsxavXvgXMhjjRRymCddD,40,25,395.0,15.8,51,125,86,1,0,143.6,143.6,0.0,0.0,0.0,0.0,0.0,1.0,532.41,19.02,unknown
Fv3bLHNyFABwKrqYvWiXGuSTh5ZjH7Vy1ZYhYq9HP3UV,22,5,12.0,2.4,14,0,5,1,0,0.0,0.0,0.0,0.0,0.0,0.0,0.0,1.0,87.57,0.0,unknown
4mo4uiLEKF1NTEzggFQkY54WQoLsDqAsdvqDNbDPWY64,262,34,266.0,7.82,54,57,23,1,22,42.4,42.4,-103655.59,0.11,0.0,2729.68,0.0,1.4074074074074074,4258.38,764.98,wallet
5yzoyWTCdqqkgdCuDXe5RcxfUkJwcJ72zuXHsuo1GRaF,50,21,100.0,4.76,45,12,21,1,0,46.8,46.8,0.0,0.0,0.0,0.0,0.0,1.0,428.65,5.56,unknown
6qpPkWLoVPXtFgPJL7nZp2xLiPp8r23sFsrFEHGB38xi,124,22,110.0,5.0,54,41,34,1,0,51.9,51.9,0.0,0.0,0.0,0.0,0.0,1.0,701.95,2.42,unknown
JEK4E3YsBPEvX6fnocjRZaygHUGhyg8rYTmdNcap7MTJ,15,4,39.0,9.75,34,10,6,1,0,12.9,12.9,0.0,0.0,0.0,0.0,0.0,1.0,26.65,0.23,unknown
6rHapibBFJrbb3LaBZoJUT62CPfpFNW8qu7ujLEHKNqT,20,14,75.0,5.36,40,8,19,1,0,8.3,8.3,0.0,0.0,0.0,0.0,0.0,1.0,162.16,26.65,unknown
8HBTpzo7z3BHQMHzMyDPStd2GBhJBpYU2Wn4irDwPUBF,172,95,1000.0,10.53,24,0,64,1,8,0.0,0.0,-229640.17,0.55,0.0,0.0,0.0,1.1641443538998837,2635.81,99.64,wallet
G5aBRmCmZ6HWtbH6qxqDrykupmNbUK7KsRJ8ztLkN9cL,98,80,1000.0,12.5,59,88,156,1,0,117.0,117.0,0.0,0.0,4178.32,4375.73,0.06,1.0,2222.35,146.62,unknown
2FWQ27aNyX3TeuJpi1h7ZGKbdnbmrGhqzHTt7Nd4CrNB,12,1,15.0,15.0,51,2,7,1,0,3.7,3.7,0.0,0.0,0.0,0.0,0.0,1.0,8.0,0.0,unknown
EtMmVFgCYmXLAEphqutYJJiJvGVSYSSYqNXMwr2yNFEW,12,5,35.0,7.0,51,15,9,1,3,40.8,40.8,0.0,0.01,0.0,0.0,0.0,2.5,78.58,0.41,wallet
HRokMqqK9xX1F8byV1aJ3cyi3HjhgjHVNT8P61yAZRMQ,15,2,5.0,2.5,45,9,4,1,0,3.4,3.4,0.0,0.0,0.0,0.0,0.0,1.0,45.78,0.0,unknown
2Dqzhgt6REoFea9fWg6TaCirHhomBUizqCDKYZ89K1sd,20,20,559.0,27.95,64,238,50,1,0,152.3,152.3,0.0,0.0,2639.29,2345.88,0.0,1.0,386.92,38.19,unknown
5uWNQCMaVUfivut2nxJniKCGdfptUMbZkWfVAQiyGSjF,138,38,476.0,12.53,60,25,83,1,0,22.5,22.5,0.0,0.0,57.1,197.1,0.0,1.0,3146.08,150.2,unknown
GbBtZBiEyWbzU4XkPyfVDQN5bvh6R7MsuSeDbrm92DDB,54,22,82.0,3.73,54,39,27,1,0,41.1,41.1,0.0,0.0,0.0,0.0,0.0,1.0,689.86,15.5,unknown
FVfcECXGVw4vn6ZNjmVjuvc1GoZ22WSTAkHRRNMoYuTC,149,7,18.0,2.57,43,10,9,1,0,11.2,11.2,0.0,0.0,0.0,0.0,0.0,1.0,966.5,6.81,unknown
CVWByzq1fPKuE8Wj8k6ZqX3YFMmbBnc2TkTW5Zxxpvot,67,31,129.0,4.16,20,2,20,6,9,0.1,0.1,0.0,0.06,0.0,0.0,0.0,1.6125,976.79,111.19,wallet
7cAyjTr1jzQkqaBkNqjr4xU7Tn29goi2yEcfxuKtph4g,13,2,4.0,2.0,9,0,1,1,2,0.0,0.0,0.0,0.01,0.0,0.0,0.0,2.0,16.35,0.0,wallet
6DuKfqDkdEJjqY7xNidgCJQSwXcx9TAvTszAUg7P1YuA,87,12,35.0,2.92,40,11,9,1,0,74.0,74.0,0.0,0.0,0.0,0.0,0.0,1.0,506.74,1.85,unknown
kggyWDVPbCFTL5B41dWCB8CZmUiG3WeRALL4e8A6NPr,60,8,50.0,6.25,41,2,7,1,0,0.1,0.1,0.0,0.0,0.0,0.0,0.0,1.0,324.43,1.38,unknown
6WCe1iPP6XbCgNb5Eq78ZhDwZroGYdECzyvMVCA9M6im,108,28,197.0,7.04,38,21,70,1,0,14.0,14.0,0.0,0.0,0.0,0.0,0.0,1.0,683.53,3.31,unknown
ApqmdBEekBhB7VUbWA9mSibXof8kSLXCucyh4MJ1ajm4,65,19,56.0,2.95,52,13,23,1,0,1.6,1.6,0.0,0.0,0.0,0.0,0.0,1.0,714.27,7.44,unknown
BhcsKCJzR8gvW515fdqjHiqqHTS9KAKHaVYchDcaqmpp,146,53,191.0,3.6,42,22,26,1,0,33.7,32.9,0.0,0.0,0.0,0.0,0.0,1.0,1465.14,47.4,unknown
6eLYSnB1mpB6YJmavUrRsK3uQjFUGt1bws2u1xtkPH54,61,52,287.0,5.52,52,38,59,1,0,16.7,16.7,0.0,0.0,0.0,0.0,0.0,1.0,1219.74,35.18,unknown
2JQmw7dFmarvaAWQ38bFvpW5g2vBwLEFoK8Nq5BhhvEi,126,62,697.0,11.24,61,102,89,1,0,157.3,157.3,0.0,0.0,8331.53,8818.7,0.14,1.0,2564.78,75.03,unknown
og7y1xKogyk9n7rFHZ1A95Cpcdoz6zMraAaCspCXWHH,65,9,54.0,6.0,34,21,17,1,0,5.2,5.2,0.0,0.0,0.0,0.0,0.0,1.0,411.68,1.03,unknown
CwMWibVeFBvCZZnAGRwYgo9zBFXntDCiSsuWDAGqAf7Z,88,16,97.0,6.06,33,39,37,1,0,10.3,10.3,0.0,0.0,0.0,0.0,0.0,1.0,486.73,1.39,unknown
J5GaeKxyUg7i9EigrgtHcUX6BCnY7svxuxPkj18wiMzC,113,25,649.0,25.96,59,164,76,2,24,647.2,647.2,0.0,0.02,0.0,1.5,0.0,1.2085661080074488,2625.17,45.64,wallet
GjZ6drSVP2FFvEKzrfovat4kyrySU7ojSeWcJWkeijmi,20,21,256.0,12.19,52,58,69,1,0,48.3,48.3,0.0,0.0,0.0,0.0,0.0,1.0,459.92,74.65,unknown
8S73yP7dnEDdXqVwBE7Wk4pWhwWT8oGzaAhd2Z4oWsGs,35,34,1000.0,29.41,43,183,37,1,0,169.5,169.5,0.0,0.0,0.0,0.0,0.0,1.0,395.38,20.85,unknown
6vVjCqRted9AApQRQQcvcEMncYemhVMvurcVi896WU5K,158,14,65.0,4.64,46,10,12,1,0,13.1,13.1,0.0,0.0,0.0,800.0,0.0,1.0,1425.68,9.44,unknown
2DU9HLDH4jiGqvZJAauc8zW6isax3Z24JbEKyT3Go7rK,12,3,4.0,1.33,14,0,3,1,0,0.0,0.0,0.0,0.0,0.0,0.0,0.0,1.0,13.32,0.0,unknown
E966AbNCrUKKib8YKnz1pXhJHy3cdFJPbzZK2sH8LD4P,224,153,1000.0,6.54,28,0,113,1,5,0.0,0.0,-34011.36,0.6,0.0,0.0,0.0,1.1862396204033214,1610.44,107.17,wallet
GsYWQ1juLzSSHh2xxxhyMj1tY1raR3PVZgkfD4diHjAv,26,25,1000.0,40.0,62,104,124,1,0,383.0,383.0,0.0,0.0,550.0,725.16,0.0,1.0,610.83,17.27,unknown
8F7D6qkVjHoKhrFVN1hhtKK6KEJq2dJAuNbMmrMG6wHq,14,2,13.0,6.5,24,4,5,1,0,1.6,1.6,0.0,0.0,0.0,0.0,0.0,1.0,10.75,0.06,unknown
6vGh5hoFfD4FYifW5K9wVLEKkhEG6iFM1R9Mzs4gBGzC,41,42,1000.0,23.81,62,253,75,1,72,335.8,335.8,0.0,0.02,0.0,0.0,283.91,1.364256480218281,980.43,146.25,wallet
CuqreQWHXcoKuNBmfDAF3SmYZJYDrKyd6db7PkwB2Q5j,53,27,170.0,6.3,50,12,61,1,0,4.4,4.4,0.0,0.0,0.0,0.0,0.0,1.0,647.27,14.55,unknown
9AUF5LsyCNDj88hXWVLgCoVzrdpSKNoFo4yBarDFqp5M,13,2,6.0,3.0,50,6,4,1,0,0.2,0.2,0.0,0.0,0.0,0.0,0.0,1.0,3.56,0.0,unknown
GLiGtnj4VjPzZ8AwZoKzzQYBn2yfrfpaqVRyA38pfdnn,74,25,36.0,1.44,59,14,16,1,0,6.7,6.7,0.0,0.0,0.0,0.0,0.0,1.0,727.5,8.14,unknown
DdumxMFKAyJBCnE4YuW2vedsG1wQZXZ3xHdAwrXncKND,13,2,4.0,2.0,23,2,1,1,1,0.6,0.6,0.0,0.6,0.0,0.0,0.0,1.3333333333333333,26.75,0.0,wallet
2X1QM58BJhZ6CHv9Tw7Y4XetzwBKx8sEumihqPp5TPgP,67,4,15.0,3.75,48,6,7,1,0,0.6,0.6,0.0,0.0,0.0,0.0,0.0,1.0,446.63,2.47,unknown
7GnCrFMSfxhcPJPmnHkz3k1hGvhHXmigXc8R6pU9J6bt,33,10,26.0,2.6,60,19,8,0,6,4.1,4.1,0.0,0.27,0.0,0.0,0.0,2.1666666666666665,542.97,15.76,wallet
Ety4z4App8E4vKj29aGYXnATunoMXJMaAjYvxedsoGem,133,111,1000.0,9.01,24,3,108,2,8,1.3,1.3,-30722.31,1.42,0.0,0.0,0.0,1.680672268907563,2139.32,296.77,wallet
76f9H8L8BhXZ3KHG6RQVWP7bCAJD8uV45CZhmtPbFCbV,59,11,43.0,3.91,48,14,18,1,0,7.1,7.1,0.0,0.0,0.0,0.0,0.0,1.0,548.26,1.91,unknown
HHFDsTfzrLDpLcdbddeLXoTPTPubAT26iLnqwgSFnXDE,36,27,1000.0,37.04,60,260,154,1,133,747.0,747.0,0.0,0.01,0.0,0.0,0.0,1.1933174224343674,667.29,25.18,wallet
9Jp5mHmn46Xncs9tHkqABpr9ADdzkoftPKTWcmYb7p9W,111,17,75.0,4.41,52,10,23,1,0,27.3,27.3,0.0,0.0,0.0,0.0,0.0,1.0,755.82,15.93,unknown
DTiP5ZhntNYpFWuW4sVyXTSbDH3dXLfrij81noRXVAhF,144,91,1000.0,10.99,59,69,189,1,0,388.4,373.7,0.0,0.0,733.31,618.31,0.0,1.0,2339.02,35.47,unknown
GLmJ2wVP5oPWSKWGjGZXyNbsmgXNWg87SBUPQj4bSJBu,130,15,81.0,5.4,55,10,26,1,0,2.7,2.7,0.0,0.0,0.0,0.0,0.0,1.0,2015.52,23.08,unknown
9PjrMHe628CNa4nKeCGZDCRM7ZoBA61CSPqdwrLjnakC,31,10,20.0,2.0,58,3,8,1,0,0.3,0.3,0.0,0.0,0.0,0.0,0.0,1.0,306.26,6.54,unknown
6FiaVUQz7mu6LkQgg2C4b9F6r4GUHirckEqpxmjKL9Rt,26,8,71.0,8.88,59,51,23,0,10,17.4,17.4,-22776.75,0.0,0.0,2330.78,0.0,1.0289855072463767,344.34,30.7,unknown
B53zMAggpWncykgdhJbvcCsE5ZX22qzXrYyngG9RNeGD,14,1,2.0,2.0,14,0,2,1,0,0.0,0.0,0.0,0.0,0.0,0.0,0.0,1.0,2.72,0.0,unknown
5twu3it9qEvByFoZQhwnWV8Z1tZxjxGhd7Ajh6yJG1V,13,5,28.0,5.6,60,36,18,0,0,7.3,7.3,0.0,0.0,0.0,0.0,0.0,1.0,148.91,4.65,unknown
3E518nHhrhT6oQypArfM3J3RDxdW8ZXUuaMMYZH6S7Xp,14,1,1.0,1.0,8,0,1,0,0,0.0,0.0,19964.5,0.0,0.0,0.0,0.0,1.0,0.0,0.0,unknown
Bjo7tnU6ucvu81jdj6sRkRXeRPxFPVRmMLPmHQtby8Tv,60,37,246.0,6.65,60,58,57,1,0,32.9,32.9,0.0,0.0,0.0,0.0,0.0,1.0,886.88,27.2,unknown
45cdEgHtjrM7MKEWx3Qve4HW2rB1KizNsxmPPvtZ4HPH,34,28,199.0,7.11,58,92,35,1,10,97.0,97.0,68301.75,1.1,0.0,0.0,26.72,1.111731843575419,612.04,76.51,wallet
2XY5LGnn4ppTuKEfKsT6b91S9CrUaSe61yiXpjdRKHuk,48,35,180.0,5.14,58,58,43,1,0,16.1,16.1,0.0,0.0,0.0,0.0,0.0,1.0,990.19,65.88,unknown
47KjdP3vtDexoAPo8aTX4qu5pGSmvG28jF6fy5aQdT6N,66,33,314.0,9.52,61,119,116,1,0,37.4,37.4,0.0,0.0,0.0,0.0,0.0,1.0,1566.38,74.52,unknown
8rrWVy2aPEGxNQFmtxvPS9wPHzTShzDfSzYaYdtWdo3q,15,2,5.0,2.5,32,5,4,1,0,1.8,1.8,0.0,0.0,0.0,0.0,0.0,1.0,26.84,0.0,unknown
FfHEgwHjLDfyfVCjdNdra2ie86YJr87x1EJcLqFM7um8,11,2,2.0,1.0,14,0,2,1,0,0.0,0.0,0.0,0.0,0.0,0.0,0.0,1.0,18.55,0.0,unknown
ArvJYFBRustTYvNpVBCY4c37PgSrhbghks5i8tWx5D7D,199,140,788.0,5.63,62,229,240,1,0,50.1,50.1,0.0,0.0,89.0,649.0,0.03,1.0,3739.32,167.65,unknown
52F4vxWkqspxsp9o2uUecpXGuTxjHeu9r1Baiw2bb3aK,89,20,169.0,8.45,47,53,61,1,0,25.5,25.5,0.0,0.0,0.0,0.0,0.0,1.0,673.53,9.44,unknown
BvRNWFtzSDF7uYHXF5dGU1wcqo9skzJHrCznbfto6kWE,21,5,30.0,6.0,33,15,9,1,0,7.1,7.1,0.0,0.0,0.0,0.0,0.0,1.0,53.76,0.66,unknown
D1Kbq6rZnRwCcYhkb2TGXfpXjFXLH6PFSt9XRQ6P4FAH,14,4,42.0,10.5,61,15,15,1,0,1.8,1.8,0.0,0.0,0.0,0.0,0.0,1.0,143.76,0.68,unknown
EoPSbe7CWuC3Q72tjJ7LLiSs6fT7zv4Kyvr1XhxzHamt,370,172,1000.0,5.81,28,41,104,1,14,4100.0,4100.0,-66953.19,0.48,0.0,0.0,0.0,1.17096018735363,4816.39,259.41,wallet
DKAebppFwKkX1Ycm8Tn9GyP2YRRmTEJE2xhyjFmQf5tN,31,15,93.0,6.2,40,19,29,1,0,6.6,6.6,0.0,0.0,0.0,0.0,0.0,1.0,172.56,0.27,unknown
3QP53fDWRLYbmrwm9FQuHis7Q37PKV6cvQLkkv4MGBXd,94,19,188.0,9.89,62,77,64,0,2,14.6,14.6,0.0,0.0,0.0,27.71,0.0,1.0,2219.99,176.65,unknown
2XdscV6NXSx5xTYj1xsweFReRGzbhxcm5J68TUFwG5aA,135,74,1000.0,13.51,64,214,169,0,13,253.2,253.2,-14659.74,0.06,0.0,0.0,0.12,1.287001287001287,2403.8,84.19,wallet
9ugaJQnSCpZ2gDJRYLBMofxvvX3zN5Kmttoc8w8g2K7,14,8,15.0,1.88,59,12,7,0,1,0.4,0.4,0.0,0.03,0.0,0.0,0.0,1.5,148.76,17.93,wallet
9J4gGbsUEoDomjTmW6tt3AUFo6gdiYfjTbppT58H7vgr,133,35,1000.0,28.57,60,171,647,1,649,491.6,491.6,4122.57,0.83,177.93,169.32,23.31,1.6722408026755853,2506.52,138.58,wallet
49zz7L7u9ZdCaf9yfxBiq4VHxYpx3NCPzgGXMdTWS9FG,13,10,20.0,2.0,60,3,14,1,0,1.0,1.0,0.0,0.0,0.0,0.0,0.0,1.0,215.63,47.14,unknown
4BNtAfQGXSw4PEoWAkWr5QGUq1HCqnXgkWhrNiD9AWWf,13,1,1.0,1.0,11,0,1,0,0,0.0,0.0,2436.75,0.0,0.0,0.0,0.0,1.0,0.0,0.0,unknown
4bf9H28AcHqDmyjFCfqBgpDRpha82yf3LtFQNhJ7mVGS,14,2,10.0,5.0,11,3,2,0,4,0.4,0.4,0.0,0.0,0.0,0.0,0.0,1.6666666666666667,0.25,0.0,unknown
CT8q6CuBuxej1ztvGCRb3dEoyfdfaS3RBcizUdFCuRhB,62,58,1000.0,17.24,48,229,264,0,0,607.0,607.0,276.78,1.29,0.0,0.0,15.98,1.0,1334.01,63.72,wallet
3gg1xQq8giA849hjdYPkgjDwWGij6LgNtnHrh4mG9c89,40,28,191.0,6.82,59,98,133,0,0,7.5,7.5,9887.42,0.0,0.0,0.0,0.0,1.0,900.94,100.26,unknown
9DLGs7hikRP56zHktcjMGTVBmGfAJcNzNn4ygY83qAYQ,402,29,1000.0,34.48,35,59,147,1,85,18.7,18.7,0.0,0.0,0.0,18.7,0.0,3.703703703703704,4305.26,107.06,wallet
FoxYSDsHkYpzAckgn4Cg6Thtfx5d6EJrXwNomXRFqdAP,219,48,306.0,6.38,62,53,22,0,19,31.7,31.7,2364.67,0.0,0.0,0.0,0.0,1.3133047210300428,4237.92,214.2,wallet
7vNvxNqFwhZ88pzqh3x8bNnQsRjboDKwFGujmHdbVyHQ,14,4,31.0,7.75,64,0,9,2,3,0.0,0.0,0.0,0.0,0.0,0.0,0.0,2.3846153846153846,3.16,0.08,wallet
BJbRqeCazFQzb5jBwU7Zmnadr1c9mvaVQK31cMNpk4Vc,834,125,889.0,7.11,63,33,73,7,19,38.9,38.9,0.0,0.01,0.0,0.0,0.0,1.3740340030911902,13459.97,937.7,wallet
4iZ2v3rJnF8pp4TybqXBCBqYYQmKXn94V8hMYviekUfY,0,1,0.0,0.0,0,0,0,0,0,0.0,0.0,0.0,9.24,0.0,0.0,1422.67,0.0,0.0,0.0,wallet
GP8StUXNYSZjPikyRsvkTbvRV1GBxMErb59cpeCJnDf1,0,1,0.0,0.0,0,0,0,0,0,0.0,0.0,0.0,1.84,0.0,0.0,0.0,0.0,0.0,0.0,wallet
CEC3oKZu7TMWMB9MHgknCJMfWLj8rJRu6UoMUm4jVFwm,0,1,0.0,0.0,0,0,0,0,0,0.0,0.0,0.0,0.56,0.0,0.0,0.0,0.0,0.0,0.0,wallet
BVziE3ADny6PePfxQzsdDUW15a1VjE4BUh9WbxV4fFus,8,9,1000.0,111.11,52,328,133,0,1,2146.6,2146.6,0.0,5.4,0.0,6993.31,0.0,1.5105740181268883,185.36,9.24,wallet
BURNV77NEAJWYLqDV6M2XBgX9bjoQZSQf4VN6Ha2zFPp,5,6,1000.0,166.67,49,9,2535,0,0,0.3,0.3,-1.28,70.33,0.0,0.0,1.02,142.85714285714286,38.06,3.27,wallet
GA6653eGabw4QCfMjVAin2e9283opW96ZfXi7TTjmnYG,3,4,1000.0,250.0,55,826,132,0,0,3868.0,3868.0,0.0,1083.65,0.0,0.0,7778.96,1.0,74.87,3.47,wallet
92knpSGahHLsqkNB1MG28T7fRCaFKvi9pHVS6wRHwEQk,14,2,15.0,7.5,24,2,5,1,2,0.1,0.1,0.0,0.0,0.0,0.0,0.01,2.142857142857143,1.52,0.0,wallet
93FZsokDJCk4APzRqvxz54nEZ3GezkCb8m8Xzbn8g8QD,3,5,1000.0,200.0,64,649,452,0,0,2224.0,2224.0,0.0,7.26,0.0,0.0,24.67,1.0,92.72,6.69,wallet
4xYpSi7e5e9gSV9RF7RgRnCsTayGG82Jdne1et5ZuZRL,48,47,1000.0,21.28,57,142,111,0,0,384.3,384.3,0.35,0.52,0.0,0.0,23.62,1.0,1070.49,94.94,wallet
FBfmoaxND6jzgiAL1dZFboWaTt4VMLKnRWtkvcCk84cb,37,34,1000.0,29.41,50,8,2593,0,96,0.8,0.8,-0.0,0.01,0.0,0.0,0.0,2.364066193853428,689.36,17.72,wallet
4AKhvqWzJ2B4eWdFxyiYPGbfoCkLkkHMVbea18YpLLuM,0,1,0.0,0.0,0,0,0,0,0,0.0,0.0,0.0,0.0,0.0,0.0,0.0,0.0,0.0,0.0,program_accountpAMMBay6oceH9fJKBRHGP5D4bD4sWpmSwMn52FMfXEA
EHcege7dok1iYs7SxL2XzDPvhg6XzMVcx2V5SkMUurJP,0,1,0.0,0.0,0,0,0,0,0,0.0,0.0,0.0,0.01,0.0,0.0,224428.8,0.0,0.0,0.0,program_accountSCoRcH8c2dpjvcJD6FiPbCSQyQgu3PcUAWj2Xxx3mqn
8ekCy2jHHUbW2yeNGFWYJT9Hm9FW7SvZcZK66dSZCDiF,0,1,0.0,0.0,0,0,0,0,0,0.0,0.0,0.0,0.08,0.0,0.0,1607337.61,0.0,0.0,0.0,program_accountTessVdML9pBGgG9yGks7o4HewRaXVAMuoVj4x83GLQH
BWFZkx1pMpvwxammwTrizvoWzZZGiFEYUYW6Ee51SHLy,0,1,0.0,0.0,0,0,0,0,0,0.0,0.0,0.0,0.0,0.0,0.0,0.0,0.0,0.0,0.0,program_accountpAMMBay6oceH9fJKBRHGP5D4bD4sWpmSwMn52FMfXEA
gAyCDR69Pj9WfHXtqGbSRomGV8gYef1BWYh87bmgaYN,1,2,0.0,0.0,0,0,0,0,0,0.0,0.0,0.0,0.01,0.0,0.0,0.0,0.0,0.0,0.0,program_accountLBUZKhRxPF3XUpBCjp4YzTKgLccjZhTSDM9YuVaPwxo
7AqRdscJbVd2m3o3kPnNQHSMHNwFUyWNU2NRctyteADb,0,1,0.0,0.0,0,0,0,0,0,0.0,0.0,0.0,0.01,0.0,0.0,0.0,0.0,0.0,0.0,program_accountLBUZKhRxPF3XUpBCjp4YzTKgLccjZhTSDM9YuVaPwxo
BGm1tav58oGcsQJehL9WXBFXF7D27vZsKefj4xJKD5Y,0,1,0.0,0.0,0,0,0,0,0,0.0,0.0,0.0,0.06,0.0,0.0,1007361.66,0.0,0.0,0.0,program_accountLBUZKhRxPF3XUpBCjp4YzTKgLccjZhTSDM9YuVaPwxo
HLnpSz9h2S4hiLQ43rnSD9XkcUThA7B8hQMKmDaiTLcC,0,1,0.0,0.0,0,0,0,0,0,0.0,0.0,0.0,134.62,0.0,0.0,0.0,0.0,0.0,0.0,wallet
3CgvbiM3op4vjrrjH2zcrQUwsqh5veNVRjFCB9N6sRoD,0,1,0.0,0.0,0,0,0,0,0,0.0,0.0,0.0,2.83,0.0,0.0,3009.87,0.0,0.0,0.0,wallet
B5K3qfft5ALRJBskL7qJPDzbbW76TXLkfKSd1mP4MtgN,0,1,0.0,0.0,0,0,0,0,0,0.0,0.0,0.0,0.0,0.0,0.0,0.0,0.0,0.0,0.0,program_accountpAMMBay6oceH9fJKBRHGP5D4bD4sWpmSwMn52FMfXEA
6tajaaiTKcVLbn8ocRW6gnZEmeJxfPwNi8hqUtJrpBby,0,1,0.0,0.0,0,0,0,0,0,0.0,0.0,0.0,0.0,0.0,0.0,0.0,0.0,0.0,0.0,program_accountpAMMBay6oceH9fJKBRHGP5D4bD4sWpmSwMn52FMfXEA
6ZRY3ceY3h5HsWUAZtEHTqNwacmTKfYkfjpHRCeW8FnY,0,1,0.0,0.0,0,0,0,0,0,0.0,0.0,0.0,0.0,0.0,0.0,0.0,0.0,0.0,0.0,program_accountpAMMBay6oceH9fJKBRHGP5D4bD4sWpmSwMn52FMfXEA
8ekCy2jHHUbW2yeNGFWYJT9Hm9FW7SvZcZK66dSZCDiF,0,1,0.0,0.0,0,0,0,0,0,0.0,0.0,0.0,0.08,0.0,0.0,1636334.63,0.0,0.0,0.0,program_accountTessVdML9pBGgG9yGks7o4HewRaXVAMuoVj4x83GLQH
HFqp6ErWHY6Uzhj8rFyjYuDya2mXUpYEk8VW75K9PSiY,0,1,0.0,0.0,0,0,0,0,0,0.0,0.0,0.0,2.1,0.0,0.0,3178.08,0.0,0.0,0.0,wallet
6tQkfQpH81ZzRgsdbcXHDLpySvbuPhNcPxq66JhPcbib,0,1,0.0,0.0,0,0,0,0,0,0.0,0.0,0.0,0.0,0.0,0.0,0.0,0.0,0.0,0.0,program_accountpAMMBay6oceH9fJKBRHGP5D4bD4sWpmSwMn52FMfXEA
FzbYhPcoCuA2qSrV1s3j38RcQhP6c943p3KHYb6C5rCq,0,1,0.0,0.0,0,0,0,0,0,0.0,0.0,0.0,0.0,0.0,0.0,0.0,0.0,0.0,0.0,program_accountpAMMBay6oceH9fJKBRHGP5D4bD4sWpmSwMn52FMfXEA
gasAx5Y917MYdmdnwiomwYDhmDKNGDJnN1MmEbxVdVw,0,1,0.0,0.0,0,0,0,0,0,0.0,0.0,0.0,32.96,0.0,0.0,0.0,0.0,0.0,0.0,wallet
ATsPPNvrjenUDCGrRqAsH1DaGYVw5Xz3Kk5S67ePYRQD,0,1,0.0,0.0,0,0,0,0,0,0.0,0.0,0.0,0.01,0.0,0.0,0.0,0.0,0.0,0.0,program_accountLBUZKhRxPF3XUpBCjp4YzTKgLccjZhTSDM9YuVaPwxo
CXLnKtCzbdgtdH94LUwgiNkdB6esa6ry2Vqrdi1DVfhm,0,1,0.0,0.0,0,0,0,0,0,0.0,0.0,0.0,0.0,0.0,0.0,0.0,0.0,0.0,0.0,program_accountpAMMBay6oceH9fJKBRHGP5D4bD4sWpmSwMn52FMfXEA
8UYCgRrxZc3XKY8PBJDSKubAUP4mpbxoj1EZJ7A5G9wy,0,1,0.0,0.0,0,0,0,0,0,0.0,0.0,0.0,0.01,0.0,0.0,0.0,0.0,0.0,0.0,program_accountLBUZKhRxPF3XUpBCjp4YzTKgLccjZhTSDM9YuVaPwxo
4AKhvqWzJ2B4eWdFxyiYPGbfoCkLkkHMVbea18YpLLuM,0,1,0.0,0.0,0,0,0,0,0,0.0,0.0,0.0,0.0,0.0,0.0,0.0,0.0,0.0,0.0,program_accountpAMMBay6oceH9fJKBRHGP5D4bD4sWpmSwMn52FMfXEA
EHcege7dok1iYs7SxL2XzDPvhg6XzMVcx2V5SkMUurJP,0,1,0.0,0.0,0,0,0,0,0,0.0,0.0,0.0,0.01,0.0,0.0,224520.63,0.0,0.0,0.0,program_accountSCoRcH8c2dpjvcJD6FiPbCSQyQgu3PcUAWj2Xxx3mqn
8ekCy2jHHUbW2yeNGFWYJT9Hm9FW7SvZcZK66dSZCDiF,0,1,0.0,0.0,0,0,0,0,0,0.0,0.0,0.0,0.08,0.0,0.0,1651116.57,0.0,0.0,0.0,program_accountTessVdML9pBGgG9yGks7o4HewRaXVAMuoVj4x83GLQH
BWFZkx1pMpvwxammwTrizvoWzZZGiFEYUYW6Ee51SHLy,0,1,0.0,0.0,0,0,0,0,0,0.0,0.0,0.0,0.0,0.0,0.0,0.0,0.0,0.0,0.0,program_accountpAMMBay6oceH9fJKBRHGP5D4bD4sWpmSwMn52FMfXEA
gAyCDR69Pj9WfHXtqGbSRomGV8gYef1BWYh87bmgaYN,1,2,0.0,0.0,0,0,0,0,0,0.0,0.0,0.0,0.01,0.0,0.0,0.0,0.0,0.0,0.0,program_accountLBUZKhRxPF3XUpBCjp4YzTKgLccjZhTSDM9YuVaPwxo
7AqRdscJbVd2m3o3kPnNQHSMHNwFUyWNU2NRctyteADb,0,1,0.0,0.0,0,0,0,0,0,0.0,0.0,0.0,0.01,0.0,0.0,0.0,0.0,0.0,0.0,program_accountLBUZKhRxPF3XUpBCjp4YzTKgLccjZhTSDM9YuVaPwxo
BGm1tav58oGcsQJehL9WXBFXF7D27vZsKefj4xJKD5Y,0,1,0.0,0.0,0,0,0,0,0,0.0,0.0,0.0,0.06,0.0,0.0,1007351.19,0.0,0.0,0.0,program_accountLBUZKhRxPF3XUpBCjp4YzTKgLccjZhTSDM9YuVaPwxo
HLnpSz9h2S4hiLQ43rnSD9XkcUThA7B8hQMKmDaiTLcC,0,1,0.0,0.0,0,0,0,0,0,0.0,0.0,0.0,134.63,0.0,0.0,0.0,0.0,0.0,0.0,wallet
3CgvbiM3op4vjrrjH2zcrQUwsqh5veNVRjFCB9N6sRoD,0,1,0.0,0.0,0,0,0,0,0,0.0,0.0,0.0,2.83,0.0,0.0,3013.23,0.0,0.0,0.0,wallet
B5K3qfft5ALRJBskL7qJPDzbbW76TXLkfKSd1mP4MtgN,0,1,0.0,0.0,0,0,0,0,0,0.0,0.0,0.0,0.0,0.0,0.0,0.0,0.0,0.0,0.0,program_accountpAMMBay6oceH9fJKBRHGP5D4bD4sWpmSwMn52FMfXEA
6tajaaiTKcVLbn8ocRW6gnZEmeJxfPwNi8hqUtJrpBby,0,1,0.0,0.0,0,0,0,0,0,0.0,0.0,0.0,0.0,0.0,0.0,0.0,0.0,0.0,0.0,program_accountpAMMBay6oceH9fJKBRHGP5D4bD4sWpmSwMn52FMfXEA
6ZRY3ceY3h5HsWUAZtEHTqNwacmTKfYkfjpHRCeW8FnY,0,1,0.0,0.0,0,0,0,0,0,0.0,0.0,0.0,0.0,0.0,0.0,0.0,0.0,0.0,0.0,program_accountpAMMBay6oceH9fJKBRHGP5D4bD4sWpmSwMn52FMfXEA
8ekCy2jHHUbW2yeNGFWYJT9Hm9FW7SvZcZK66dSZCDiF,0,1,0.0,0.0,0,0,0,0,0,0.0,0.0,0.0,0.08,0.0,0.0,1650697.43,0.0,0.0,0.0,program_accountTessVdML9pBGgG9yGks7o4HewRaXVAMuoVj4x83GLQH
HFqp6ErWHY6Uzhj8rFyjYuDya2mXUpYEk8VW75K9PSiY,0,1,0.0,0.0,0,0,0,0,0,0.0,0.0,0.0,2.1,0.0,0.0,3179.57,0.0,0.0,0.0,wallet
6tQkfQpH81ZzRgsdbcXHDLpySvbuPhNcPxq66JhPcbib,0,1,0.0,0.0,0,0,0,0,0,0.0,0.0,0.0,0.0,0.0,0.0,0.0,0.0,0.0,0.0,program_accountpAMMBay6oceH9fJKBRHGP5D4bD4sWpmSwMn52FMfXEA
FzbYhPcoCuA2qSrV1s3j38RcQhP6c943p3KHYb6C5rCq,0,1,0.0,0.0,0,0,0,0,0,0.0,0.0,0.0,0.0,0.0,0.0,0.0,0.0,0.0,0.0,program_accountpAMMBay6oceH9fJKBRHGP5D4bD4sWpmSwMn52FMfXEA
gasAx5Y917MYdmdnwiomwYDhmDKNGDJnN1MmEbxVdVw,0,1,0.0,0.0,0,0,0,0,0,0.0,0.0,0.0,32.95,0.0,0.0,0.0,0.0,0.0,0.0,wallet
ATsPPNvrjenUDCGrRqAsH1DaGYVw5Xz3Kk5S67ePYRQD,0,1,0.0,0.0,0,0,0,0,0,0.0,0.0,0.0,0.01,0.0,0.0,0.0,0.0,0.0,0.0,program_accountLBUZKhRxPF3XUpBCjp4YzTKgLccjZhTSDM9YuVaPwxo
CXLnKtCzbdgtdH94LUwgiNkdB6esa6ry2Vqrdi1DVfhm,0,1,0.0,0.0,0,0,0,0,0,0.0,0.0,0.0,0.0,0.0,0.0,0.0,0.0,0.0,0.0,program_accountpAMMBay6oceH9fJKBRHGP5D4bD4sWpmSwMn52FMfXEA
8UYCgRrxZc3XKY8PBJDSKubAUP4mpbxoj1EZJ7A5G9wy,0,1,0.0,0.0,0,0,0,0,0,0.0,0.0,0.0,0.01,0.0,0.0,0.0,0.0,0.0,0.0,program_accountLBUZKhRxPF3XUpBCjp4YzTKgLccjZhTSDM9YuVaPwxo
8fB6ooiTFHw5HT7rWRpZknVW8Fu5GmsWqqPX9yhmjDwK,1,2,0.0,0.0,0,0,0,0,0,0.0,0.0,0.0,0.04,0.0,0.0,0.0,0.0,0.0,0.0,program_accountpAMMBay6oceH9fJKBRHGP5D4bD4sWpmSwMn52FMfXEA
68rd22XVUEiXWzjW8fDxdWKBxzzVU172KE5UfeJd9ppj,6,7,1000.0,142.86,64,176,42,0,0,122.2,122.2,0.0,0.0,0.0,0.0,0.0,1.0,139.53,2.71,program_accountpAMMBay6oceH9fJKBRHGP5D4bD4sWpmSwMn52FMfXEA
6NTWdxDPB7q3TQymGPjdiGVD5DZ3ZW7MmYYHEgJ6WSFB,0,1,0.0,0.0,0,0,0,0,0,0.0,0.0,0.0,0.01,0.0,0.0,0.0,0.0,0.0,0.0,program_accountLBUZKhRxPF3XUpBCjp4YzTKgLccjZhTSDM9YuVaPwxo
ETMhxtENfkMK85TAcveEbZdBv9htziWzDSddmShRP2wB,0,1,0.0,0.0,0,0,0,0,0,0.0,0.0,0.0,0.0,0.0,0.0,0.0,0.0,0.0,0.0,program_accountpAMMBay6oceH9fJKBRHGP5D4bD4sWpmSwMn52FMfXEA
8xAAU8T3RBTJVv8acwZmkL97Jmj1DGpLAsP2SDxabj6j,9,11,1000.0,90.91,64,162,64,0,0,28.1,28.1,0.0,0.01,0.0,0.0,0.0,1.0,231.38,21.99,program_accountLBUZKhRxPF3XUpBCjp4YzTKgLccjZhTSDM9YuVaPwxo
79ByzhpqQgHrvf4sdoCFarXkYJBLJVj8JYgyh3zv2D43,10,11,1000.0,90.91,64,469,96,0,0,974.4,974.4,0.0,0.0,0.0,0.0,0.0,1.0,221.7,5.27,program_accountpAMMBay6oceH9fJKBRHGP5D4bD4sWpmSwMn52FMfXEA
4prwF2THukSaQwfMmZ53MTatqtC18GZBRdDW9EMpwsNp,0,1,0.0,0.0,0,0,0,0,0,0.0,0.0,0.0,0.0,0.0,0.0,0.0,0.0,0.0,0.0,program_accountpAMMBay6oceH9fJKBRHGP5D4bD4sWpmSwMn52FMfXEA
39BMznSDKWyZXvQmYAyXeozEgKwmqtGNhg8vjQZYcC28,8,9,1000.0,111.11,64,505,132,0,0,441.4,441.4,0.0,0.0,0.0,0.0,0.0,1.0,207.37,8.53,program_accountpAMMBay6oceH9fJKBRHGP5D4bD4sWpmSwMn52FMfXEA
GpMZbSM2GgvTKHJirzeGfMFoaZ8UR2X7F4v8vHTvxFbL,0,1,0.0,0.0,0,0,0,0,0,0.0,0.0,0.0,1274.55,0.0,0.0,5835135.43,0.0,0.0,0.0,wallet
69vfYvsbZcgfbKiqQwSXmUHaqT2A1zuXYvWZAvzpQHVM,0,1,0.0,0.0,0,0,0,0,0,0.0,0.0,0.0,0.0,0.0,0.0,0.0,0.0,0.0,0.0,program_accountpAMMBay6oceH9fJKBRHGP5D4bD4sWpmSwMn52FMfXEA
E9Pq8h8CN2cK3uZxsQ6LhkwGbyaAnLgAh4YwczNqdU3f,0,1,0.0,0.0,0,0,0,0,0,0.0,0.0,0.0,0.0,0.0,0.0,0.0,0.0,0.0,0.0,program_accountpAMMBay6oceH9fJKBRHGP5D4bD4sWpmSwMn52FMfXEA
9d2D6o6GQsmAA3Yta5XxryMceoM4RW5qcDMvs72FB4Gr,10,12,1000.0,83.33,64,568,88,0,0,1065.4,1065.4,0.0,0.0,0.0,0.0,0.0,1.0,260.4,6.7,program_accountpAMMBay6oceH9fJKBRHGP5D4bD4sWpmSwMn52FMfXEA
8PzhZjJAnoYNcGevfdEVxmryERCAGcuyuCLS1PtBSeGP,0,1,0.0,0.0,0,0,0,0,0,0.0,0.0,0.0,0.01,0.0,0.0,824.69,0.0,0.0,0.0,program_accountwhirLbMiicVdio4qvUfM5KAg6Ct8VwpYzGff3uctyCc
FHgv8qmEwvgQ6AvosbeiUK6g2AsdRNda6GG3aiiNydU1,4,5,1000.0,200.0,64,557,61,0,0,939.5,939.5,0.0,0.0,0.0,0.0,0.0,1.0,104.34,4.05,program_accountpAMMBay6oceH9fJKBRHGP5D4bD4sWpmSwMn52FMfXEA
4qryQZJ1UK8ekpSvjTr4rMjdBQsUFTU8XeD6tw73Xb8z,0,1,0.0,0.0,0,0,0,0,0,0.0,0.0,0.0,0.0,0.0,0.0,0.0,0.0,0.0,0.0,program_accountpAMMBay6oceH9fJKBRHGP5D4bD4sWpmSwMn52FMfXEA
DQiGxibDKXMSL8uTjMzVE5HK4w1CcUe2tLJvEVGVw8N2,0,1,0.0,0.0,0,0,0,0,0,0.0,0.0,0.0,0.01,0.0,0.0,0.0,0.0,0.0,0.0,program_accountLBUZKhRxPF3XUpBCjp4YzTKgLccjZhTSDM9YuVaPwxo
DSN3j1ykL3obAVNv7ZX49VsFCPe4LqzxHnmtLiPwY6xg,0,1,0.0,0.0,0,0,0,0,0,0.0,0.0,0.0,1.77,0.0,0.0,2548.1,0.0,0.0,0.0,wallet
7iWnBRRhBCiNXXPhqiGzvvBkKrvFSWqqmxRyu9VyYBxE,0,1,0.0,0.0,0,0,0,0,0,0.0,0.0,0.0,1.94,0.0,0.0,2358.69,0.0,0.0,0.0,wallet
HU23r7UoZbqTUuh3vA7emAGztFtqwTeVips789vqxxBw,0,1,0.0,0.0,0,0,0,0,0,0.0,0.0,0.0,1.93,0.0,0.0,2524.32,0.0,0.0,0.0,wallet
EHcege7dok1iYs7SxL2XzDPvhg6XzMVcx2V5SkMUurJP,0,1,0.0,0.0,0,0,0,0,0,0.0,0.0,0.0,0.01,0.0,0.0,201789.76,0.0,0.0,0.0,program_accountSCoRcH8c2dpjvcJD6FiPbCSQyQgu3PcUAWj2Xxx3mqn
3LoAYHuSd7Gh8d7RTFnhvYtiTiefdZ5ByamU42vkzd76,0,1,0.0,0.0,0,0,0,0,0,0.0,0.0,0.0,2.18,0.0,0.0,2378.49,0.0,0.0,0.0,wallet
69yhtoJR4JYPPABZcSNkzuqbaFbwHsCkja1sP1Q2aVT5,0,1,0.0,0.0,0,0,0,0,0,0.0,0.0,0.0,1.79,0.0,0.0,2486.52,0.0,0.0,0.0,wallet
FULnsGE7sQsrkYq5mwjHuxEh5zJnfVsm7aEUxchVTjVB,10,11,1000.0,90.91,64,502,103,0,0,544.3,544.3,0.0,0.0,0.0,0.0,0.0,1.0,248.84,17.48,program_accountpAMMBay6oceH9fJKBRHGP5D4bD4sWpmSwMn52FMfXEA
5EwUpAnCX1Dv6YAZtzQu7L3e248p4trp9tFc7EncqgQ2,1,2,0.0,0.0,0,0,0,0,0,0.0,0.0,0.0,0.0,0.0,0.0,0.0,0.0,0.0,0.0,program_accountpAMMBay6oceH9fJKBRHGP5D4bD4sWpmSwMn52FMfXEA
7xYkVTu9weHtyVdjgfDtMiKACsNyrFmyjUzJ85esdttD,4,5,1000.0,200.0,63,463,68,0,0,545.8,545.8,0.0,0.0,0.0,0.0,0.0,1.0,108.48,7.06,program_accountpAMMBay6oceH9fJKBRHGP5D4bD4sWpmSwMn52FMfXEA
4it3QQ3JH8nPcGdKtWU54rfqM5J4CaBezmjkd7qLLkcJ,14,14,1000.0,71.43,64,92,42,0,0,80.8,80.8,0.0,0.0,0.0,0.0,0.0,1.0,270.65,3.61,program_accountpAMMBay6oceH9fJKBRHGP5D4bD4sWpmSwMn52FMfXEA
4rbcx3WiozWQoRmygVDSXoQa9Kz37kpPNzQ7etuTfqkn,0,1,0.0,0.0,0,0,0,0,0,0.0,0.0,0.0,0.01,0.0,0.0,0.0,0.0,0.0,0.0,program_accountLBUZKhRxPF3XUpBCjp4YzTKgLccjZhTSDM9YuVaPwxo
D1ThWcrzeXP89d9BU63dqxpacChpnUQ2jEc5YHgnwQq9,0,1,0.0,0.0,0,0,0,0,0,0.0,0.0,0.0,0.01,0.0,0.0,0.0,0.0,0.0,0.0,program_accountLBUZKhRxPF3XUpBCjp4YzTKgLccjZhTSDM9YuVaPwxo
3yB991ADccyqqtoXMNySmbsy83iWx9LwQcffxRX5uL95,4,6,1000.0,166.67,64,151,34,0,0,203.0,203.0,0.0,0.01,0.0,0.0,52.9,1.0,115.39,11.93,program_accountwhirLbMiicVdio4qvUfM5KAg6Ct8VwpYzGff3uctyCc
FWz5MV1fS5CU5pL3zXqCDapykixXuXesim6RyMt3Lr3f,14,4,1000.0,250.0,64,152,36,0,0,77.6,77.6,0.0,0.01,0.0,0.0,41.15,1.0,32.46,4.86,program_accountLBUZKhRxPF3XUpBCjp4YzTKgLccjZhTSDM9YuVaPwxo
GUknVuqvuh2AX61s2nnN3yEYRx1NFdWQBa1HkrjyqzPn,0,1,0.0,0.0,0,0,0,0,0,0.0,0.0,0.0,0.01,0.0,0.0,0.0,0.0,0.0,0.0,program_accountLBUZKhRxPF3XUpBCjp4YzTKgLccjZhTSDM9YuVaPwxo
4JWaAn37o1B8HxzkG8F3SCwRzjMrDf1vYNVqgw7DoJP3,20,20,999.0,49.95,62,381,54,0,0,447.3,447.3,0.0,0.0,0.0,0.0,0.0,1.0,402.91,5.45,program_accountpAMMBay6oceH9fJKBRHGP5D4bD4sWpmSwMn52FMfXEA
CSzzYVzQWEh2WLeqo3qyqdkXi3Xx8G4f35dxmLdGbKhW,22,15,1000.0,66.67,64,336,36,0,0,185.0,185.0,0.0,0.0,0.0,0.0,0.0,1.0,316.8,0.77,program_accountpAMMBay6oceH9fJKBRHGP5D4bD4sWpmSwMn52FMfXEA
2zryZRtZZ9JCdwPf1FmxXKD9aCVT1efwnX6RBLTHPqnB,22,23,1000.0,43.48,64,391,113,0,0,285.0,285.0,0.0,0.0,0.0,0.0,0.0,1.0,517.28,13.75,program_accountpAMMBay6oceH9fJKBRHGP5D4bD4sWpmSwMn52FMfXEA
6Fy1tEtjteWTs2gvhDQhyswGBJp47FEKkVK6twcgEC5,21,22,1000.0,45.45,64,425,180,0,0,392.7,392.7,0.0,0.0,0.0,0.0,0.0,1.0,502.48,18.8,program_accountpAMMBay6oceH9fJKBRHGP5D4bD4sWpmSwMn52FMfXEA
6UZ2PRvsM6ZhQ8ym3xUSUWE5mDLfVryBr5GaiJ6ia1F9,24,6,1000.0,166.67,60,35,8,0,0,90.8,90.8,0.0,0.01,0.0,0.0,0.0,1.0,226.39,0.0,program_accountLBUZKhRxPF3XUpBCjp4YzTKgLccjZhTSDM9YuVaPwxo
4J5doFS3Tm5nCka6RyN5gVPD4s6o8D6o881Z5H557ZTp,25,17,1000.0,58.82,63,168,45,0,0,199.9,199.9,0.0,0.0,0.0,0.0,0.0,1.0,457.08,7.25,program_accountpAMMBay6oceH9fJKBRHGP5D4bD4sWpmSwMn52FMfXEA
Esikmkp8Ho8bx9ky8LXF9Ubt6NLpXQyt1uAXHGbbtRKG,17,8,1000.0,125.0,63,30,12,0,0,3.3,3.3,0.0,0.01,0.0,0.0,0.0,1.0,294.72,0.05,program_accountLBUZKhRxPF3XUpBCjp4YzTKgLccjZhTSDM9YuVaPwxo
Gc7zup1FkSTwKg8Yfk7Wc1ctWD3au92AwtMRgJsUY3qq,12,13,1000.0,76.92,63,486,102,0,0,367.5,367.5,0.0,0.55,0.0,0.0,0.0,1.0,297.64,9.84,program_accountpAMMBay6oceH9fJKBRHGP5D4bD4sWpmSwMn52FMfXEA
FtJAbpb7qxzB5C7CtE5EvFCJSsExym78MexbRcnwtgbB,3,4,1000.0,250.0,64,576,45,0,0,831.9,831.9,0.0,0.0,0.0,0.0,0.0,1.0,71.51,3.3,program_accountpAMMBay6oceH9fJKBRHGP5D4bD4sWpmSwMn52FMfXEA
4BDd8MzUX48UPSixFb1jG56mUzt2w5cvCGo4if12o7TW,21,22,1000.0,45.45,64,141,58,0,0,72.8,72.8,0.0,0.0,0.0,0.0,0.0,1.0,447.16,22.22,program_accountpAMMBay6oceH9fJKBRHGP5D4bD4sWpmSwMn52FMfXEA
DfZRJANvGBirpbbGiHAkBZr2GyqXWfGFJQ3n78rzrMny,4,5,1000.0,200.0,64,178,22,0,0,320.2,320.2,0.0,0.0,0.0,0.0,0.0,1.0,93.16,3.49,program_accountpAMMBay6oceH9fJKBRHGP5D4bD4sWpmSwMn52FMfXEA
9SvVUEyBgq24WrCoXXVgfAbN8pXNraFiSBH9f7qm4Exv,27,28,1000.0,35.71,61,320,61,0,0,201.3,201.3,0.0,0.0,0.0,0.0,0.0,1.0,584.58,23.38,program_accountpAMMBay6oceH9fJKBRHGP5D4bD4sWpmSwMn52FMfXEA
B6k62WAs4kUsGrfPw9qxFfUG7x3XYbYAHz1Mjm2Qdwu4,19,10,1000.0,100.0,64,74,19,0,0,53.7,53.7,0.0,0.01,0.0,0.0,0.0,1.0,277.1,0.01,program_accountLBUZKhRxPF3XUpBCjp4YzTKgLccjZhTSDM9YuVaPwxo
31ktDLg3x752fuRdCZGsvQkPVLb3XqMaacVQAa1Jv8WH,28,6,1000.0,166.67,62,56,9,0,0,37.4,37.4,0.0,0.01,0.0,0.0,0.0,1.0,55.31,0.0,program_accountLBUZKhRxPF3XUpBCjp4YzTKgLccjZhTSDM9YuVaPwxo
68M8MK98gRrtfwc8ivMQiBfkySqpQEk2ku3ZEpd3Vtfd,31,3,0.0,0.0,0,0,0,0,0,0.0,0.0,0.0,0.01,0.0,0.0,0.0,0.0,0.0,0.0,program_accountLBUZKhRxPF3XUpBCjp4YzTKgLccjZhTSDM9YuVaPwxo
BAcEPqUsF3bTC8bSrXMiK4zNfAqG54b7cufmvpcaLjbV,16,4,1000.0,250.0,63,7,13,0,0,1.3,1.3,0.0,0.01,0.0,0.0,0.0,1.0,158.93,0.0,program_accountLBUZKhRxPF3XUpBCjp4YzTKgLccjZhTSDM9YuVaPwxo
DeSYSGeEj9ytT55E9AmdFs9p2cm5fryXt61kGCammCrB,6,7,1000.0,142.86,64,416,70,0,0,619.9,619.9,0.0,0.0,0.0,0.0,0.0,1.0,148.95,9.34,program_accountpAMMBay6oceH9fJKBRHGP5D4bD4sWpmSwMn52FMfXEA
36KC4WweiLD4cdn9EH9JY3D6gYxtJjQJTZ4MtegD3HS6,10,11,1000.0,90.91,64,611,75,0,0,596.1,596.1,0.0,0.0,0.0,0.0,0.0,1.0,253.71,37.11,program_accountpAMMBay6oceH9fJKBRHGP5D4bD4sWpmSwMn52FMfXEA
2AH2P3HQMo3Qp3qc8kuxFRf5NhgZTcqHLytW87JzkeGZ,7,8,1000.0,125.0,64,33,6,0,0,16.3,16.3,0.0,0.01,0.0,0.0,0.0,1.0,83.33,0.0,program_accountLBUZKhRxPF3XUpBCjp4YzTKgLccjZhTSDM9YuVaPwxo
DnaQqhKPqgxm3WPyhUNZb69CT8oaZxAXf1MrXyquJFAm,2,3,0.0,0.0,0,0,0,0,0,0.0,0.0,0.0,0.0,0.0,0.0,0.0,0.0,0.0,0.0,program_accountpAMMBay6oceH9fJKBRHGP5D4bD4sWpmSwMn52FMfXEA
6jNhEU24rVGhVUfazoVnqHZTwVtb6r8Mfo57gmW9GyK,5,6,1000.0,166.67,64,682,122,0,0,572.1,572.1,0.0,0.0,0.0,0.0,0.0,1.0,139.73,9.63,program_accountpAMMBay6oceH9fJKBRHGP5D4bD4sWpmSwMn52FMfXEA
37LrYkw6pUcbguUiyh1dXJkQFXWp7BCbpurGJiUrpDdN,9,10,1000.0,100.0,64,481,55,0,0,825.0,825.0,0.0,0.0,0.0,0.0,0.0,1.0,224.08,12.08,program_accountpAMMBay6oceH9fJKBRHGP5D4bD4sWpmSwMn52FMfXEA
G8YejCCN6dKUShoSmXWtgPjGr4g4FEsQrzgRegP7DMR7,16,8,1000.0,125.0,62,190,17,0,0,161.4,161.4,0.0,0.01,0.0,0.0,0.0,1.0,208.05,0.0,program_accountLBUZKhRxPF3XUpBCjp4YzTKgLccjZhTSDM9YuVaPwxo
HearRnaEeAYFgEPm4UUgL1fmHGhH8P3V16wmqFs1Y1Yz,9,10,1000.0,100.0,63,561,53,0,0,648.0,648.0,0.0,0.01,0.0,0.0,0.0,1.0,211.3,9.77,program_accountpAMMBay6oceH9fJKBRHGP5D4bD4sWpmSwMn52FMfXEA
2RMm8BoXPAMwuLwouAcxJym5rAra5FsuGc3Fe4k76qJ8,3,4,1000.0,250.0,64,417,69,0,0,551.0,551.0,0.0,0.0,0.0,0.0,0.0,1.0,76.76,5.46,program_accountpAMMBay6oceH9fJKBRHGP5D4bD4sWpmSwMn52FMfXEA
EPVZgVcMSgdbbYPmuHsNFag8s56S1zGDNRkJj9cADMys,23,24,1000.0,41.67,64,488,101,0,0,775.9,775.9,0.0,0.0,0.0,0.0,0.0,1.0,567.79,63.98,program_accountpAMMBay6oceH9fJKBRHGP5D4bD4sWpmSwMn52FMfXEA
BrdkY6XrdWLMMwTUdXTfebtK3fZNUT8QudohNHhzCofK,0,1,0.0,0.0,0,0,0,0,0,0.0,0.0,0.0,0.01,0.0,0.0,0.0,0.0,0.0,0.0,program_accountLBUZKhRxPF3XUpBCjp4YzTKgLccjZhTSDM9YuVaPwxo
HNGjLLZkWx2mNwhWdKFYcMowz8FTh2bXxdpJ1vBVkjNB,0,1,0.0,0.0,0,0,0,0,0,0.0,0.0,0.0,0.0,0.0,0.0,0.0,0.0,0.0,0.0,program_accountpAMMBay6oceH9fJKBRHGP5D4bD4sWpmSwMn52FMfXEA
9LpM5HC9eFuJUcu2rpwPvM5rMMg1q8PsvZ4WjVPwgu5f,15,9,1000.0,111.11,60,152,35,0,0,182.5,182.5,0.0,0.01,0.0,0.0,1155.3,1.0,197.08,1.3,program_accountREALQqNEomY6cQGZJUGwywTBD2UmDT32rZcNnfxQ5N2
6KvXWfjwZ7mfiFALRDmj4YvJw3LxfSnLadj1kZfBykYp,11,12,941.0,78.42,64,267,48,0,0,538.0,538.0,0.0,0.01,0.0,0.0,0.0,1.0,257.88,13.22,program_accountLBUZKhRxPF3XUpBCjp4YzTKgLccjZhTSDM9YuVaPwxo
7pJMzVjvYr5rAWJSjY4i7tGidZ5kgBmKGQBDz52NQW9R,2,3,0.0,0.0,0,0,0,0,0,0.0,0.0,0.0,0.01,0.0,0.0,0.0,0.0,0.0,0.0,program_accountLBUZKhRxPF3XUpBCjp4YzTKgLccjZhTSDM9YuVaPwxo
AKaA2SBTsZQmgzq2r7zGiZYTsGqkDmGoQ71QoA8pSZnt,0,2,0.0,0.0,0,0,0,0,0,0.0,0.0,0.0,0.0,0.0,0.0,0.0,0.0,0.0,0.0,program_accountpAMMBay6oceH9fJKBRHGP5D4bD4sWpmSwMn52FMfXEA
453Z9ggMEdMnBiMLc5hHthxC3P4qhmhFUoTqkRnHDhqr,0,2,0.0,0.0,0,0,0,0,0,0.0,0.0,0.0,0.01,0.0,0.0,0.0,0.0,0.0,0.0,program_accountLBUZKhRxPF3XUpBCjp4YzTKgLccjZhTSDM9YuVaPwxo
CK71NMuPiZcfWAWRZYPab5EsCSE9zZJwAA6SmQ244jYy,0,2,0.0,0.0,0,0,0,0,0,0.0,0.0,0.0,0.01,0.0,0.0,0.0,0.0,0.0,0.0,program_accountLBUZKhRxPF3XUpBCjp4YzTKgLccjZhTSDM9YuVaPwxo
BJt1j9BqcGGHLmFMmCwYvD5aapSEut1MvFCR64xmrAYV,0,2,0.0,0.0,0,0,0,0,0,0.0,0.0,0.0,0.0,0.0,0.0,0.0,0.0,0.0,0.0,program_accountpAMMBay6oceH9fJKBRHGP5D4bD4sWpmSwMn52FMfXEA
GyqM8Pe9FUbkk5hCw7ffpeUt6F6WcHnc8pPdMYcnShiS,0,2,0.0,0.0,0,0,0,0,0,0.0,0.0,0.0,0.0,0.0,0.0,0.0,0.0,0.0,0.0,program_accountpAMMBay6oceH9fJKBRHGP5D4bD4sWpmSwMn52FMfXEA
FKFudRu6CSyfdXdw6qAHvNVvTytNkedXVbZyVczeB1MT,0,2,0.0,0.0,0,0,0,0,0,0.0,0.0,0.0,0.01,0.0,0.0,0.0,0.0,0.0,0.0,program_accountCAMMCzo5YL8w4VFF8KVHrK22GGUsp5VTaW7grrKgrWqK
7bHEH5KgKJHdFjRNpJ4DFsjxWKxtmELQaA9g3WcZpWFJ,0,1,0.0,0.0,0,0,0,0,0,0.0,0.0,0.0,0.01,0.0,0.0,0.0,0.0,0.0,0.0,program_accountLBUZKhRxPF3XUpBCjp4YzTKgLccjZhTSDM9YuVaPwxo
EgGACLzNtvTWfjWopkMbbcRsUPAaSCcgPjbNqUCcLUCJ,0,2,0.0,0.0,0,0,0,0,0,0.0,0.0,0.0,0.01,0.0,0.0,0.0,0.0,0.0,0.0,program_accountLBUZKhRxPF3XUpBCjp4YzTKgLccjZhTSDM9YuVaPwxo
8oc2JyWgzzfLKMPR4hfTamTjcWGTUyX6Lv5sx1bvzHCz,33,34,1000.0,29.41,64,518,108,0,0,831.0,831.0,0.0,0.0,0.0,0.0,0.0,1.0,745.64,28.89,program_accountpAMMBay6oceH9fJKBRHGP5D4bD4sWpmSwMn52FMfXEA
8PX97NP5WY871SmsZwHqYL9z97k3vzHGjvKFvAT7cARz,0,2,0.0,0.0,0,0,0,0,0,0.0,0.0,0.0,0.0,0.0,0.0,0.0,0.0,0.0,0.0,program_accountpAMMBay6oceH9fJKBRHGP5D4bD4sWpmSwMn52FMfXEA
2ohXmzRN3enLMukRCgaqtig5cNhP2ZVpVH67xLY2sQoq,0,2,0.0,0.0,0,0,0,0,0,0.0,0.0,0.0,0.01,0.0,0.0,0.0,0.0,0.0,0.0,program_accountLBUZKhRxPF3XUpBCjp4YzTKgLccjZhTSDM9YuVaPwxo
HRYEjwdo3bZ1TpXKWKcezqiwSV2Ywuh4LxMa2PzoCnG6,0,1,0.0,0.0,0,0,0,0,0,0.0,0.0,0.0,0.01,0.0,0.0,10392.9,0.0,0.0,0.0,program_accountLBUZKhRxPF3XUpBCjp4YzTKgLccjZhTSDM9YuVaPwxo
B7P4B3wPpnnCyTjDNy2qYv8PFsB9ysVxMDu3essNack2,2,3,0.0,0.0,0,0,0,0,0,0.0,0.0,0.0,0.0,0.0,0.0,0.0,0.0,0.0,0.0,program_accountpAMMBay6oceH9fJKBRHGP5D4bD4sWpmSwMn52FMfXEA
4u3csfsSZimbPPssDqjKqk2mNisGHk89LPZtjoiSd5uq,4,5,1000.0,200.0,64,538,83,0,0,539.2,539.2,0.0,0.0,0.0,0.0,0.0,1.0,101.58,7.11,program_accountpAMMBay6oceH9fJKBRHGP5D4bD4sWpmSwMn52FMfXEA
Ebs3mXAzqZfzHfsdinTNw7gPy4uNyEAywcCiJxzLRrBW,1,3,0.0,0.0,0,0,0,0,0,0.0,0.0,0.0,0.0,0.0,0.0,0.0,0.0,0.0,0.0,program_accountpAMMBay6oceH9fJKBRHGP5D4bD4sWpmSwMn52FMfXEA
HiSBtzHFeFDADpUAhYDdftqJCAi3XzwsTYsDDHqfMjTJ,1,3,0.0,0.0,0,0,0,0,0,0.0,0.0,0.0,0.01,0.0,0.0,0.0,0.0,0.0,0.0,program_accountLBUZKhRxPF3XUpBCjp4YzTKgLccjZhTSDM9YuVaPwxo
FXRvcgMQfgj3WrmUXGh8qhVLaU3Q4T7jQeKBoqhVecR7,0,2,0.0,0.0,0,0,0,0,0,0.0,0.0,0.0,0.0,0.0,0.0,0.0,0.0,0.0,0.0,program_accountpAMMBay6oceH9fJKBRHGP5D4bD4sWpmSwMn52FMfXEA
BijsB5d9QPsGS9qSvt6c9sVHSJz5jZk8xkgqyL2SoMdi,0,2,0.0,0.0,0,0,0,0,0,0.0,0.0,0.0,0.01,0.0,0.0,193.52,0.0,0.0,0.0,program_accountwhirLbMiicVdio4qvUfM5KAg6Ct8VwpYzGff3uctyCc
91tDWyGdurPekG8JCWCfzJn7aGfLgb9zb711fHpyGR2j,0,2,0.0,0.0,0,0,0,0,0,0.0,0.0,0.0,0.0,0.0,0.0,0.0,0.0,0.0,0.0,program_accountpAMMBay6oceH9fJKBRHGP5D4bD4sWpmSwMn52FMfXEA
6zZHQtPqiBzwm4qR21BHaKp5VJEYhzjccamfd6x8cjsP,2,4,0.0,0.0,0,0,0,0,0,0.0,0.0,0.0,0.0,0.0,0.0,0.0,0.0,0.0,0.0,program_accountpAMMBay6oceH9fJKBRHGP5D4bD4sWpmSwMn52FMfXEA
GCwJrZN7NKGduwgxrjBNrKfhjwLTo6hHuYVso2xxjDCY,11,12,1000.0,83.33,64,29,33,0,0,10.0,10.0,0.0,0.01,0.0,0.0,0.0,1.0,181.39,2.07,program_accountLBUZKhRxPF3XUpBCjp4YzTKgLccjZhTSDM9YuVaPwxo
9Z4xnYoSuCRB3cHifTmT217MGgXCyoXZvsHmmT4PMVZc,34,22,1000.0,45.45,62,294,82,0,0,384.1,384.1,0.0,0.0,0.0,0.0,0.0,1.0,741.96,7.72,program_accountpAMMBay6oceH9fJKBRHGP5D4bD4sWpmSwMn52FMfXEA
FFcYgSSgWHforA9rXXkA48p8YFoz8TSW85Jpo3CQHDyS,0,1,0.0,0.0,0,0,0,0,0,0.0,0.0,0.0,0.0,0.0,0.0,0.0,0.0,0.0,0.0,program_accountpAMMBay6oceH9fJKBRHGP5D4bD4sWpmSwMn52FMfXEA
8M7vZ3dQpWUv2FXh91TKP45PdWkps5XesJR2bHHdk9Zk,4,6,0.0,0.0,0,0,0,0,0,0.0,0.0,0.0,0.0,0.0,0.0,0.0,0.0,0.0,0.0,program_accountpAMMBay6oceH9fJKBRHGP5D4bD4sWpmSwMn52FMfXEA
5tzFkiKscXHK5ZXCGbXZxdw7gTjjD1mBwuoFbhUvuAi9,0,2,0.0,0.0,0,0,0,0,0,0.0,0.0,0.0,2012910.78,0.0,0.0,775605393.56,0.0,0.0,0.0,wallet
BY4StcU9Y2BpgH8quZzorg31EGE4L1rjomN8FNsCBEcx,0,2,0.0,0.0,0,0,0,0,0,0.0,0.0,0.0,1729.25,0.0,0.0,836633.72,0.0,0.0,0.0,wallet
49YgUi56BABa9MrEvvh3jvNpUBPMsUwwDb861A8hNKYA,6,7,0.0,0.0,0,0,0,0,0,0.0,0.0,0.0,0.0,0.0,0.0,0.0,0.0,0.0,0.0,program_accountpAMMBay6oceH9fJKBRHGP5D4bD4sWpmSwMn52FMfXEA
WLHv2UAZm6z4KyaaELi5pjdbJh6RESMva1Rnn8pJVVh,0,2,0.0,0.0,0,0,0,0,0,0.0,0.0,0.0,0.0,0.0,0.0,0.0,0.0,0.0,0.0,unknown
3e4HhWaa6fT9Kitx1mJUfLSA9wSyJP2WL6cubeUXPEFj,7,9,1000.0,111.11,64,358,74,0,0,193.9,193.9,0.0,0.0,0.0,0.0,0.0,1.0,170.11,5.08,program_accountpAMMBay6oceH9fJKBRHGP5D4bD4sWpmSwMn52FMfXEA
DxzTjRXXtKhxu5VhRKPXBFQqtqJ3LKw3MxcsrpBCQAvr,7,5,0.0,0.0,0,0,0,0,0,0.0,0.0,0.0,0.0,0.0,0.0,0.0,0.0,0.0,0.0,program_accountpAMMBay6oceH9fJKBRHGP5D4bD4sWpmSwMn52FMfXEA
8Wrh8ZWsyDFur8GP1ZEmgvyM4NNCmsLaUfFeySC7PJrq,7,9,1000.0,111.11,62,562,68,0,0,1025.8,1025.8,0.0,0.0,0.0,0.0,0.0,1.0,136.11,3.07,program_accountpAMMBay6oceH9fJKBRHGP5D4bD4sWpmSwMn52FMfXEA
FuLMvQq7jCA6VuzSg82SXgWzL1e7pDZU1RWzYH93nQzx,7,6,0.0,0.0,0,0,0,0,0,0.0,0.0,0.0,0.0,0.0,0.0,0.0,0.0,0.0,0.0,program_accountpAMMBay6oceH9fJKBRHGP5D4bD4sWpmSwMn52FMfXEA
DQ5JWbJyWdJeyBxZuuyu36sUBud6L6wo3aN1QC1bRmsR,0,2,0.0,0.0,0,0,0,0,0,0.0,0.0,0.0,2628.14,0.0,0.0,8316.25,0.0,0.0,0.0,wallet
DWmA9JDm1zBtQnJaiMt6G4nyu9S5oNkWyYcgvLcAi5eX,3,5,0.0,0.0,0,0,0,0,0,0.0,0.0,0.0,2.02,0.0,0.0,0.0,0.0,0.0,0.0,wallet
u6PJ8DtQuPFnfmwHbGFULQ4u4EgjDiyYKjVEsynXq2w,0,2,0.0,0.0,0,0,0,0,0,0.0,0.0,0.0,269269.41,0.0,0.0,469365.52,0.0,0.0,0.0,wallet
A77HErqtfN1hLLpvZ9pCtu66FEtM8BveoaKbbMoZ4RiR,0,2,0.0,0.0,0,0,0,0,0,0.0,0.0,0.0,93132.78,0.0,0.0,1337130.57,0.0,0.0,0.0,wallet
7Cmm9vnk4viPCCuBL7i5krnCEYpdz25s2r56Qb9Nj3WX,4,6,0.0,0.0,0,0,0,0,0,0.0,0.0,0.0,1.51,0.0,0.0,0.0,0.0,0.0,0.0,wallet
9oujQ2jXJAFKswkNKzUBJVq7n6j1KQXBs9CH3g6d8Ycc,11,12,1000.0,83.33,64,565,108,0,0,850.4,850.4,0.0,0.0,0.0,0.0,0.0,1.0,258.68,8.88,program_accountpAMMBay6oceH9fJKBRHGP5D4bD4sWpmSwMn52FMfXEA
AopyACBy5F4vk3WiedCTVvBrPJKV8ryTrakizZNuCdr2,205,7,0.0,0.0,0,0,0,0,0,0.0,0.0,0.0,0.0,0.0,0.0,0.01,0.0,0.0,0.0,wallet
FMzF9q52CpGJttEjCAixvH5rUKeW8C9Pue6651Vnrb2c,4,6,0.0,0.0,0,0,0,0,0,0.0,0.0,0.0,40.9,0.0,0.0,0.0,0.0,0.0,0.0,wallet
AgmLJBMDCqWynYnQiPCuj9ewsNNsBJXyzoUhD9LJzN51,0,1,0.0,0.0,0,0,0,0,0,0.0,0.0,0.0,396.5,0.0,0.0,2596.73,0.0,0.0,0.0,wallet
554eF6GcgcwtQkoNBtNe25BrtEKeMtFLwoHJMSK7x8JX,109,50,1000.0,20.0,29,270,159,0,21,12323.5,12323.5,0.0,0.01,0.0,655.52,0.0,2.202643171806167,1232.29,0.59,wallet
D6qoFzKHsnG4pUQZKqcgVMcTEeycTtGttZVGKy5RfvL8,26,12,0.0,0.0,0,0,0,0,0,0.0,0.0,0.0,0.0,0.0,0.0,0.0,0.0,0.0,0.0,wallet
EDEWcaJTgpD4rrfMEHfUpXQFtu3ZHvBVg8qSrzkmtFCz,370,28,215.0,7.68,36,52,20,0,12,2992.2,2992.2,0.0,0.54,0.0,0.0,0.0,1.7063492063492065,7054.14,616.53,wallet
GGuofAz61rHpTUNfSdLHoGATyJ94qTwUTJGbZQFqsFca,41,43,1000.0,23.26,62,323,96,1,208,1209.2,1209.2,0.0,0.06,29898.93,36333.5,0.0,3.508771929824561,901.26,104.91,wallet
Fgej4SPuW282TdrQRfizRHAeRasNqCtAWZizL3jDqMdS,0,2,0.0,0.0,0,0,0,0,0,0.0,0.0,0.0,41.63,0.0,0.0,50.62,0.0,0.0,0.0,wallet
6TYDxGmVxkBPBmEfnmLXx6jVff9LknsjRHqdTjVyZmG8,0,1,0.0,0.0,0,0,0,0,0,0.0,0.0,0.0,121.63,0.0,0.0,42.1,0.0,0.0,0.0,wallet
3voM397H6TyV6oM7FtoUQhXcbJuiaiw8dwN1ySaas5pq,112,48,908.0,18.92,51,37,7,1,22,586.7,586.7,0.0,0.04,0.0,394889.48,0.0,2.7515151515151515,2192.99,174.7,wallet
39rG3oyEJ3kdC2RMScrxXV62VZEJJs9nFrFAJafyB2yK,41,31,999.0,32.23,61,392,72,1,52,11486.7,11486.7,0.0,0.01,1398.0,1398.0,0.0,3.0181268882175227,727.01,128.03,wallet
5hFcNCajgE27DJ4ntBUm3XRG7v7Vp56AbR1dojNYEQh,24,20,441.0,22.05,62,35,5,0,3,3430.2,3430.2,0.0,0.0,0.0,0.0,0.0,110.25,341.94,0.0,wallet
FDnkGUPH9RS2vQ29YUamHxXpp6fWm5EdaDQ6EdsWWCdx,0,2,0.0,0.0,0,0,0,0,0,0.0,0.0,0.0,0.0,0.0,0.0,0.0,0.0,0.0,0.0,program_accountpAMMBay6oceH9fJKBRHGP5D4bD4sWpmSwMn52FMfXEA
AADJrfmWoHVXZhF1UkbHvNC5tqrBpkGdSaxtMYteDm2x,0,2,0.0,0.0,0,0,0,0,0,0.0,0.0,0.0,0.0,0.0,0.0,0.0,0.0,0.0,0.0,program_accountpAMMBay6oceH9fJKBRHGP5D4bD4sWpmSwMn52FMfXEA
HiZMUzMCvvby25t5VvNsgFnBsBafb3pppxL9RZQGhUmJ,106,43,1000.0,23.26,50,189,204,0,0,731.6,731.6,0.0,6.0,0.0,0.0,0.0,3.436426116838488,2112.42,53.66,wallet
G7dzdNRPYs2Z7tReJzrntabqvJXR1uSETEnu5DbtkZPc,125,33,721.0,21.85,45,58,6,1,10,5010.8,5010.8,0.0,0.0,0.0,1.23,0.0,10.154929577464788,1993.4,0.0,wallet
FpyosQzp5ijfrxqqBVNm67rfam7VsbVNAm7PUf8Yvt1c,0,2,0.0,0.0,0,0,0,0,0,0.0,0.0,0.0,0.0,0.0,0.0,0.0,0.0,0.0,0.0,program_accountpAMMBay6oceH9fJKBRHGP5D4bD4sWpmSwMn52FMfXEA
HNPsPeDXAPN5keviUiJjzpGfATPNZb5PKpxtg1ex6kLp,0,2,0.0,0.0,0,0,0,0,0,0.0,0.0,0.0,0.01,0.0,0.0,0.0,0.0,0.0,0.0,program_accountLBUZKhRxPF3XUpBCjp4YzTKgLccjZhTSDM9YuVaPwxo
9AQ6qKNw3TLgNqtuLf6mWCCkbLNswqEoNAv8GKCB5tRB,1,2,0.0,0.0,0,0,0,0,0,0.0,0.0,0.0,1.37,0.0,0.0,0.0,0.0,0.0,0.0,wallet
53Gc9uyzrU1Cn82YxDqsgfRjptXecSsr3mLYYH7VWpjV,0,2,0.0,0.0,0,0,0,0,0,0.0,0.0,0.0,0.08,0.0,0.0,0.0,0.0,0.0,0.0,program_accountLBUZKhRxPF3XUpBCjp4YzTKgLccjZhTSDM9YuVaPwxo
BsfvBWsf1DX4cC5LDASeVXVqLsyXWMiov7tFuPzCjVgT,371,74,918.0,12.41,25,1187,2,0,36,30592.8,30592.8,0.0,0.0,0.0,0.0,0.0,1.8696537678207736,0.04,0.0,unknown
9rouHmPnb1mEmUsD7UJkrWE5HSDwMiVZr9yPrgevJQxh,470,62,337.0,5.44,23,11,3,2,27,0.2,0.2,0.0,0.07,0.0,491780.09,10003.04,1.3643724696356276,4330.09,0.0,wallet
2UL8hbNaoErAYNePqgQYPP9yDCDRZGWbzKW4krLqkhNL,0,2,0.0,0.0,0,0,0,0,0,0.0,0.0,0.0,23442.82,0.0,0.0,2920.91,0.0,0.0,0.0,wallet
CMgAwHPGxSNUV1tQf68zmSwUrY4rDpHHbQA268PFYjUX,6,7,0.0,0.0,0,0,0,0,0,0.0,0.0,0.0,0.0,0.0,0.0,0.0,0.0,0.0,0.0,program_accountpAMMBay6oceH9fJKBRHGP5D4bD4sWpmSwMn52FMfXEA
AQHkAZ4LAUbyeeSxtT5ZfAAofW5pFV4uFsctUB2bR9HT,1400,60,376.0,6.27,52,74,68,1,21,5358.5,5358.5,0.0,0.0,0.0,0.0,0.0,1.301038062283737,2291.2,47.4,unknown
D38craQWvgvewCDtF49NvERnnVLrYfyrpka2D8gNhSHK,98,55,958.0,17.42,59,420,147,0,0,21745.7,21745.7,0.0,0.0,0.0,0.0,0.0,1.0,1958.29,77.64,program_accountpAMMBay6oceH9fJKBRHGP5D4bD4sWpmSwMn52FMfXEA
36MfmJt42awtnXABVPnrGRLYJNCGwb7KKDDPnFTcx5i3,115,18,83.0,4.61,60,44,17,3,3,686.2,686.2,0.0,0.05,0.0,0.0,0.23,1.7659574468085106,1892.71,267.75,wallet
BrgHTvTJPzmvBf6kCqYSqnciUwpmFJhWYtmF6o5mRnXg,121,42,1000.0,23.81,62,299,111,2,108,1233.5,1077.1,-0.0,0.04,0.0,0.0,0.0,1.9455252918287933,2531.81,869.41,wallet
CU9G7NV93eoqcS9iXWfZPtkNvB4nV4ZmdaN9LpFtPLwz,1,2,0.0,0.0,0,0,0,0,0,0.0,0.0,0.0,0.01,0.0,0.0,0.0,0.0,0.0,0.0,program_accountLBUZKhRxPF3XUpBCjp4YzTKgLccjZhTSDM9YuVaPwxo
2b7D3oeUfwGJb1KfBcQj8sRw6fUD9nsuZWztkBcp38J5,8,4,0.0,0.0,0,0,0,0,0,0.0,0.0,0.0,0.0,0.0,0.0,0.0,0.0,0.0,0.0,wallet
AC5RDfQFmDS1deWZos921JfqscXdByf8BKHs5ACWjtW2,0,2,0.0,0.0,0,0,0,0,0,0.0,0.0,0.0,177081.04,0.0,0.0,0.0,0.0,0.0,0.0,wallet
AjM8Qn62EhR4ikJ1rvyeezB1NyvrSsb4zwJiFUFs9ycs,141,37,1000.0,27.03,62,6,3,0,0,1.9,1.9,0.0,0.01,0.0,0.0,0.0,1.0,2188.77,0.0,program_accountLBUZKhRxPF3XUpBCjp4YzTKgLccjZhTSDM9YuVaPwxo
CAU3CPUVkxQiDKihQRiEuPJAvKEiyasxzK5Bc9k1Vdrj,3,5,0.0,0.0,0,0,0,0,0,0.0,0.0,0.0,0.01,0.0,0.0,0.0,0.0,0.0,0.0,program_accountLBUZKhRxPF3XUpBCjp4YzTKgLccjZhTSDM9YuVaPwxo
BmFdpraQhkiDQE6SnfG5omcA1VwzqfXrwtNYBwWTymy6,0,2,0.0,0.0,0,0,0,0,0,0.0,0.0,0.0,23003.5,0.0,0.0,2054338.83,0.0,0.0,0.0,wallet
811fAKQZCqeSdgkA6i5wpnNPfYdZpT6VWgK14HtJMYLP,4,5,0.0,0.0,0,0,0,0,0,0.0,0.0,0.0,24.41,0.0,0.0,26.49,0.0,0.0,0.0,wallet
5tYFviFWQRKV9BJSTHGitbdqEYC1BGUgRUDnSADUXqJP,0,1,0.0,0.0,0,0,0,0,0,0.0,0.0,0.0,0.07,0.0,0.0,0.0,0.0,0.0,0.0,program_accountpAMMBay6oceH9fJKBRHGP5D4bD4sWpmSwMn52FMfXEA
ARu4n5mFdZogZAravu7CcizaojWnS6oqka37gdLT5SZn,0,1,0.0,0.0,0,0,0,0,0,0.0,0.0,0.0,26.52,0.0,0.0,597.82,0.0,0.0,0.0,wallet
6AGp6zbGNuyZpmzeswv9KCNU15Rf37UQDqDqFAeHmS8d,0,1,0.0,0.0,0,0,0,0,0,0.0,0.0,0.0,110.67,0.0,0.0,33343.53,0.0,0.0,0.0,wallet
5g7yNHyGLJ7fiQ9SN9mf47opDnMjc585kqXWt6d7aBWs,0,2,0.0,0.0,0,0,0,0,0,0.0,0.0,0.0,32106.37,0.0,0.0,725493.23,0.0,0.0,0.0,wallet
2HwZ5ioD69EQHkUrnUYp87LDHZAApetjUhDTaNumT97R,16,5,35.0,7.0,34,14,4,1,10,2874.1,2874.1,0.0,9.93,0.0,0.0,17.91,2.0588235294117645,182.12,0.0,wallet
7rhxnLV8C77o6d8oz26AgK8x8m5ePsdeRawjqvojbjnQ,0,1,0.0,0.0,0,0,0,0,0,0.0,0.0,0.0,198.23,0.0,0.0,758557.38,0.0,0.0,0.0,wallet
9SLPTL41SPsYkgdsMzdfJsxymEANKr5bYoBsQzJyKpKS,2,3,0.0,0.0,0,0,0,0,0,0.0,0.0,0.0,238136.8,0.0,0.0,37.24,0.0,0.0,0.0,wallet
4ZeeNAHJJbLdoyaK7kjR3veLxCZmgjuBjr2AGS33Wu6f,0,2,0.0,0.0,0,0,0,0,0,0.0,0.0,0.0,0.01,0.0,0.0,0.0,0.0,0.0,0.0,program_accountLBUZKhRxPF3XUpBCjp4YzTKgLccjZhTSDM9YuVaPwxo
DLWqN3x3wpEQiPPmnxB8rx3g6jQguEcmzjqbpBD7w8yT,0,2,0.0,0.0,0,0,0,0,0,0.0,0.0,0.0,0.0,0.0,0.0,0.0,0.0,0.0,0.0,program_accountpAMMBay6oceH9fJKBRHGP5D4bD4sWpmSwMn52FMfXEA
RXFNVSMN75aCYdSCQq7mpxKJ26D1dxWB6uKaFcvzYZS,107,36,550.0,15.28,58,23,14,0,7,494.3,494.3,0.0,0.03,0.0,396433.21,0.0,7.051282051282051,2507.0,475.01,wallet
iVJrJPETzap9KjdZQyshcnWHRBGk4B83wYcjQppuDAC,81,26,191.0,7.35,54,76,20,0,0,21271.1,21271.1,0.0,2.68,0.0,0.0,0.0,1.0,1307.84,34.0,wallet
ARwi1S4DaiTG5DX7S4M4ZsrXqpMD1MrTmbu9ue2tpmEq,1,2,0.0,0.0,0,0,0,0,0,0.0,0.0,0.0,0.11,0.0,0.0,118593.42,0.0,0.0,0.0,program_accountLBUZKhRxPF3XUpBCjp4YzTKgLccjZhTSDM9YuVaPwxo
5njZuDSS2WTFkvWWsgv8Q4TfQBuCASKJAztc5yF2qLWZ,4,5,0.0,0.0,0,0,0,0,0,0.0,0.0,0.0,9289.0,0.0,0.0,0.0,0.0,0.0,0.0,wallet
4XZvA3QEAjUzMEc5Eaf8SjwZK2cjzQS1XX7TcQUaBr9r,13,14,0.0,0.0,0,0,0,0,0,0.0,0.0,0.0,4.02,0.0,0.0,0.0,0.0,0.0,0.0,wallet
MfDuWeqSHEqTFVYZ7LoexgAK9dxk7cy4DFJWjWMGVWa,0,1,0.0,0.0,0,0,0,0,0,0.0,0.0,0.0,97.5,0.0,0.0,6146132.37,0.0,0.0,0.0,wallet
2pNXk4BxRvuRLNcDQzmBsjC2v6Mpt86iZMQfNhCwL37y,469,46,163.0,3.54,23,6,3,1,9,0.0,0.0,0.0,0.01,0.0,389922.92,0.0,1.4954128440366972,4361.29,0.0,wallet
DCPt5Qjw7K1jZfti8SUWKhKwEJNLG3nvkY7Fmervz3FA,4,6,0.0,0.0,0,0,0,0,0,0.0,0.0,0.0,0.0,0.0,0.0,0.0,0.0,0.0,0.0,program_accountpAMMBay6oceH9fJKBRHGP5D4bD4sWpmSwMn52FMfXEA
C3YiV1Vqc1HQduaCJ2rEomdyQ4UknmnvP3ca1av3wFDM,1,3,0.0,0.0,0,0,0,0,0,0.0,0.0,0.0,0.01,0.0,0.0,0.0,0.0,0.0,0.0,program_accountLBUZKhRxPF3XUpBCjp4YzTKgLccjZhTSDM9YuVaPwxo
FRaSWimDSgMXQojrLad1nPr22XEQizG7bFzvhvApR4C8,7,8,89.0,11.12,52,80,23,0,1,188.2,188.2,0.0,9.49,0.0,0.0,0.0,4.238095238095238,76.3,3.7,wallet
9G1kF2cM6mStAco2We5P4mPv6TMaVup6StVahQFYG6C9,4,5,44.0,8.8,51,30,7,0,4,890.8,890.8,0.0,0.0,0.0,0.0,0.0,1.6923076923076923,45.53,0.92,unknown
YrrUStgPugDp8BbfosqDeFssen6sA75ZS1QJvgnHtmY,8,10,0.0,0.0,0,0,0,0,0,0.0,0.0,0.0,0.02,0.0,0.0,0.0,0.0,0.0,0.0,program_accountCAMMCzo5YL8w4VFF8KVHrK22GGUsp5VTaW7grrKgrWqK
5wJyTTwqvoMzDh57tmRsGVQtcS1scyY1TktBDyRFiHuy,9,11,0.0,0.0,0,0,0,0,0,0.0,0.0,0.0,0.0,0.0,0.0,0.0,0.0,0.0,0.0,program_accountpAMMBay6oceH9fJKBRHGP5D4bD4sWpmSwMn52FMfXEA
KB13mkt2w3Aux4GmT2DU4Wy4B3zyYNEmPWc5UtVqpJ7,31,12,0.0,0.0,0,0,0,0,0,0.0,0.0,0.0,0.01,0.0,0.0,0.0,0.0,0.0,0.0,program_accountCAMMCzo5YL8w4VFF8KVHrK22GGUsp5VTaW7grrKgrWqK
8JmZPyfDB3xTbPqoVp9BpZeWJ8YnGRe98tMjQUqKskby,204,30,1000.0,33.33,64,144,51,0,0,227.3,227.3,0.0,0.01,0.0,0.0,0.0,1.0,2302.98,8.32,program_accountLBUZKhRxPF3XUpBCjp4YzTKgLccjZhTSDM9YuVaPwxo
7eexH14UjhNxJe6zTT3f1Vb1E8iACsBMVaWheDEmxdT2,1,3,0.0,0.0,0,0,0,0,0,0.0,0.0,0.0,0.01,0.0,0.0,0.0,0.0,0.0,0.0,program_accountLBUZKhRxPF3XUpBCjp4YzTKgLccjZhTSDM9YuVaPwxo
AjTHCaTcXNNEG6k6HAomXvpnFoXecGhPvJDy8RSKRG4R,69,71,1000.0,14.08,64,431,142,0,0,543.7,543.7,0.0,0.0,0.0,0.0,0.0,1.0,1660.03,94.03,program_accountpAMMBay6oceH9fJKBRHGP5D4bD4sWpmSwMn52FMfXEA
7Nm1XnrP5BpaK9jX6o31fU61zHa6VvjQyopQkmtT2Z8d,20,9,39.0,4.33,13,7,1,0,2,123.6,123.6,0.0,0.0,0.0,0.0,0.0,1.0,456.55,0.0,unknown
6Q3k9uLd3kbEPZV37P4uKjXUHrhZPEK85P62QTNAj49e,0,1,0.0,0.0,0,0,0,0,0,0.0,0.0,0.0,0.01,0.0,0.0,0.0,0.0,0.0,0.0,program_accountLBUZKhRxPF3XUpBCjp4YzTKgLccjZhTSDM9YuVaPwxo
85JY4GkkgyH1GN42uR3kFbZtexoVBNGGTriQfqtGn1dM,37,39,1000.0,25.64,64,565,97,0,0,1267.7,1267.7,0.0,0.0,0.0,0.0,0.0,1.0,887.81,44.84,program_accountpAMMBay6oceH9fJKBRHGP5D4bD4sWpmSwMn52FMfXEA
97RhXZ39tXUHwDzn2nzYRwhpxpYcQy6oLmgnDR96Uezj,80,26,131.0,5.04,54,39,15,1,2,151.3,151.3,0.0,0.0,0.0,0.0,1.52,1.0,1523.54,26.24,wallet
2wPzZELeMNzAMYdCrRkwDrtyKKDnPrwv4cpJD86b3XyN,219,51,1000.0,19.61,64,12,47,0,0,16.7,16.7,0.0,0.01,0.0,0.0,0.0,1.0,5226.81,166.31,program_accountLBUZKhRxPF3XUpBCjp4YzTKgLccjZhTSDM9YuVaPwxo
7udbgT6w6X5VpdZuEm4UHbkuUaULYFZmKhntbNuNmaUt,0,2,0.0,0.0,0,0,0,0,0,0.0,0.0,0.0,0.0,0.0,0.0,0.0,0.0,0.0,0.0,program_accountpAMMBay6oceH9fJKBRHGP5D4bD4sWpmSwMn52FMfXEA
Gu6QyuQHvssuHhLcRRjeuJtYWKdZbV6e4kngsJRekNaM,428,20,1000.0,50.0,52,11,6,0,0,9120012.6,9120012.6,0.0,0.02,0.0,0.0,0.0,1.0,4232.08,0.0,program_accountLBUZKhRxPF3XUpBCjp4YzTKgLccjZhTSDM9YuVaPwxo
B6NR5XYLroBdAnKjcF2o1raKqgSdi68yGZm4jtPMmQbQ,11,13,0.0,0.0,0,0,0,0,0,0.0,0.0,0.0,0.0,0.0,0.0,0.0,0.0,0.0,0.0,program_accountpAMMBay6oceH9fJKBRHGP5D4bD4sWpmSwMn52FMfXEA
8LTRgxZ2KWDc2sDGuYAe5VtDgguAzteSeQUJisLQ5BVA,0,1,0.0,0.0,0,0,0,0,0,0.0,0.0,0.0,0.0,0.0,0.0,0.0,0.0,0.0,0.0,program_accountpAMMBay6oceH9fJKBRHGP5D4bD4sWpmSwMn52FMfXEA
Dx8iy2o46sK1DzWbEcznqSKeLbLVeu7otkibA3WohGAj,0,2,0.0,0.0,0,0,0,0,0,0.0,0.0,0.0,0.01,0.0,0.0,0.0,0.0,0.0,0.0,wallet
4VztozdDL8yFPLdpUpMNT3Hf7xMZ2qPGAMretExTvZ78,357,41,1000.0,24.39,41,18,23,0,26,15.8,15.7,0.0,0.86,0.0,0.0,10.74,4.016064257028113,1958.15,0.05,wallet
DLDNSrAnQDMErwszmNyhFCyDMEuf9E58MLQPficwqTht,61,48,1000.0,20.83,63,121,18,0,49,1147.8,1147.8,0.0,0.11,0.0,14857.0,10.09,1.8148820326678765,1465.39,631.5,wallet
41WaRmN8ETJQB8vf9qQkYdZZicidmPoMZDM9zkhDWhG5,113,16,188.0,11.75,37,71,28,0,2,1421.2,1421.2,0.0,0.01,8976.9,3997.08,0.0,1.724770642201835,1335.16,9.05,wallet
4FaMf18Jmgta48BY2y6MjMwQMpuWcEtmU91VuVs3rt3j,0,1,0.0,0.0,0,0,0,0,0,0.0,0.0,0.0,0.0,0.0,0.0,0.0,0.0,0.0,0.0,unknown
DEVA1RTJX6mAXLy9HikaDG3SPRu8mrjXnkedoivGQMvZ,1,1,0.0,0.0,0,0,0,0,0,0.0,0.0,0.0,1.92,0.0,0.0,0.0,0.0,0.0,0.0,wallet
Hxw77h9fEx598afiiZunwHaX3vYu9UskDk9EpPNZp1mG,0,1,0.0,0.0,0,0,0,0,0,0.0,0.0,0.0,0.04,0.0,0.0,0.0,0.0,0.0,0.0,program_accountwhirLbMiicVdio4qvUfM5KAg6Ct8VwpYzGff3uctyCc
FiEpQb9GmFgxx8AyUtq9RdfkVBAm89cE5GAXQzTCWp6h,82,60,1000.0,16.67,61,224,20,3,77,1048.1,1048.1,0.0,0.02,0.0,13809.97,0.0,1.5748031496062993,1654.69,563.9,wallet
A6KHMiFzn9AM7VKBtVP4fZNY9bCo2jP63R9dphaW1vrq,0,1,0.0,0.0,0,0,0,0,0,0.0,0.0,0.0,2.06,0.0,0.0,0.0,0.0,0.0,0.0,program_accountpAMMBay6oceH9fJKBRHGP5D4bD4sWpmSwMn52FMfXEA
47WiAW991PWxFwjf2P8upMPdN6FHDVN6iim1d8DSCm1Q,0,1,0.0,0.0,0,0,0,0,0,0.0,0.0,0.0,0.01,0.0,0.0,0.0,0.0,0.0,0.0,program_accountCAMMCzo5YL8w4VFF8KVHrK22GGUsp5VTaW7grrKgrWqK
6LY1JzAFVZsP2a2xKrtU6znQMQ5h4i7tocWdgrkZzkzF,0,1,0.0,0.0,0,0,0,0,0,0.0,0.0,0.0,439476.06,0.0,0.0,37645539.48,0.0,0.0,0.0,wallet
Gt6pxgxHKQ46JmXLEesJQN8T5WyZdEtzqZH7ZngD2pcL,29,11,86.0,7.82,44,53,18,0,2,138.7,138.7,0.0,0.13,0.0,0.0,0.0,4.777777777777778,362.88,7.07,wallet
8DgNtk5i417VAqvfkMF2vedKdoQygvG8KfRh4MdURRUx,7,9,0.0,0.0,0,0,0,0,0,0.0,0.0,0.0,0.0,0.0,0.0,0.0,0.0,0.0,0.0,program_accountpAMMBay6oceH9fJKBRHGP5D4bD4sWpmSwMn52FMfXEA
4NyK1AdJBNbgaJ9EsKz3J4rfeHsuYdjkTPg3JaNdLeFw,0,1,0.0,0.0,0,0,0,0,0,0.0,0.0,0.0,23181.32,0.0,0.0,1235277.0,0.0,0.0,0.0,wallet
tq4qZ1VoPcA7JEK9yxisyiKiiWKSbs1iUrsQ1SRTkdc,162,8,50.0,6.25,49,34,14,0,4,70.3,70.3,0.0,0.05,0.0,2198.97,0.0,1.851851851851852,2855.36,381.22,wallet
4KfHWqcSJWsrTq19FLzFYm3cGN4oASAj7ZCiUoFx16KS,0,1,0.0,0.0,0,0,0,0,0,0.0,0.0,0.0,0.0,0.0,0.0,0.0,0.0,0.0,0.0,program_accountpAMMBay6oceH9fJKBRHGP5D4bD4sWpmSwMn52FMfXEA
6oFWm7KPLfxnwMb3z5xwBoXNSPP3JJyirAPqPSiVcnsp,0,1,0.0,0.0,0,0,0,0,0,0.0,0.0,0.0,0.01,0.0,0.0,0.0,0.0,0.0,0.0,program_accountLBUZKhRxPF3XUpBCjp4YzTKgLccjZhTSDM9YuVaPwxo
6nZb5NKhb1NK48HPepiccdvtM7yh5iJvysTnp5CQWRwL,128,107,1000.0,9.35,38,171,111,8,47,547.0,547.0,0.0,0.17,0.0,0.0,0.0,1.4992503748125936,2043.73,358.43,wallet
KpXrCt3pjJYFind2kgk7nQ3dS6bqjC2Ze3zzE5MQ78v,6,8,0.0,0.0,0,0,0,0,0,0.0,0.0,0.0,0.01,0.0,0.0,0.0,0.0,0.0,0.0,program_accountHEAVENoP2qxoeuF8Dj2oT1GHEnu49U5mJYkdeC8BAX2o
H84Wda2aSgKV1daCVV9ozWrSurjVnoSLY5GAymYArGPg,10,12,0.0,0.0,0,0,0,0,0,0.0,0.0,0.0,87.81,0.0,0.0,0.0,0.0,0.0,0.0,wallet
HBdya3uzChN6XwjL7E83pTDEnYzrEwzSwdjaB9b849eF,0,1,0.0,0.0,0,0,0,0,0,0.0,0.0,0.0,0.01,0.0,0.0,0.0,0.0,0.0,0.0,program_accountLBUZKhRxPF3XUpBCjp4YzTKgLccjZhTSDM9YuVaPwxo
gasBidSWW5zmwXs3gn8TG2ijzKkrwpyM7ucwjgDQst6,0,1,0.0,0.0,0,0,0,0,0,0.0,0.0,0.0,27.89,0.0,0.0,0.0,0.0,0.0,0.0,wallet
Hga7DnXqSnQJ2idocHaVohpv4jLcEpwyVz8RpA3Laohb,361,12,0.0,0.0,0,0,0,0,0,0.0,0.0,0.0,0.01,0.0,0.0,0.0,0.0,0.0,0.0,program_accountLBUZKhRxPF3XUpBCjp4YzTKgLccjZhTSDM9YuVaPwxo
H7d4hzqCnMvoY8jBDESABt9AvWVMw7FEE2iSFyjn6J8t,358,21,1000.0,47.62,56,34,9,0,0,65.8,65.8,0.0,0.01,0.0,0.0,0.0,1.0,2229.55,393.59,program_accountLBUZKhRxPF3XUpBCjp4YzTKgLccjZhTSDM9YuVaPwxo
DS22w2we1qvcPtAKJhBCBf7aLdC4cqcrNtgSZLroeFv9,4,6,0.0,0.0,0,0,0,0,0,0.0,0.0,0.0,18.62,0.0,0.0,0.0,0.0,0.0,0.0,wallet
C7Rpgb2n77wmrmZsLak5rnUBujiRsCxEi69B37yJqBgR,245,68,1000.0,14.71,64,539,169,7,50,2780.3,2780.3,0.0,0.24,0.0,0.0,0.0,2.178649237472767,4442.39,132.62,wallet
CD58GhoxYff5mZhKr3WcZhLhFAwHroSdQQ52uB8SP2Gy,0,1,0.0,0.0,0,0,0,0,0,0.0,0.0,0.0,0.01,0.0,0.0,0.0,0.0,0.0,0.0,program_accountLBUZKhRxPF3XUpBCjp4YzTKgLccjZhTSDM9YuVaPwxo
4qLjN2jnhCqS741hkkSP1DnznLNe5wA5buJRSUtbSWk7,1,3,0.0,0.0,0,0,0,0,0,0.0,0.0,0.0,0.01,0.0,0.0,0.0,0.0,0.0,0.0,program_accountLBUZKhRxPF3XUpBCjp4YzTKgLccjZhTSDM9YuVaPwxo
CUmGUfJJb4o2yp2yQpS52iERcZ1LskcAajHDzP6qVsB5,15,16,0.0,0.0,0,0,0,0,0,0.0,0.0,0.0,0.01,0.0,0.0,0.0,0.0,0.0,0.0,program_accountLBUZKhRxPF3XUpBCjp4YzTKgLccjZhTSDM9YuVaPwxo
ptVzGfsAqXSqdmkQ2AmxSjbHxp4PL38oSajfSitRgwR,0,1,0.0,0.0,0,0,0,0,0,0.0,0.0,0.0,0.01,0.0,0.0,0.0,0.0,0.0,0.0,program_accountLBUZKhRxPF3XUpBCjp4YzTKgLccjZhTSDM9YuVaPwxo
GUMpKmfedKKKqGgNspxRtnynfxJADWoo2Yf6rrWg1TbM,2,4,0.0,0.0,0,0,0,0,0,0.0,0.0,0.0,0.02,0.0,0.0,0.0,0.0,0.0,0.0,wallet
FEKBRuXEoCSKHjDHHXnrBv76eckpsyKhpHnenW3JPEPM,17,8,0.0,0.0,0,0,0,0,0,0.0,0.0,0.0,0.01,0.0,0.0,0.0,0.0,0.0,0.0,program_accountLBUZKhRxPF3XUpBCjp4YzTKgLccjZhTSDM9YuVaPwxo
8rvAsDKeAcEjEkiZMug9k8v1y8mW6gQQiMobd89Uy7qR,9,10,0.0,0.0,0,0,0,0,0,0.0,0.0,0.0,67.51,0.0,0.0,0.0,0.0,0.0,0.0,wallet
9MM8buT5mr4QjcetPaQ5DiPipo6QFjfnrBheFiRVcvxj,112,2,0.0,0.0,0,0,0,0,0,0.0,0.0,0.0,0.0,0.0,0.0,0.0,0.0,0.0,0.0,unknown
PkwihQgfvHaM7B1Ezvq3Hj6hBx2raj1L1ZiyC8Gs6me,1,3,0.0,0.0,0,0,0,0,0,0.0,0.0,0.0,0.0,0.0,0.0,0.0,0.0,0.0,0.0,program_accountpAMMBay6oceH9fJKBRHGP5D4bD4sWpmSwMn52FMfXEA
88WXWheNhbhPqpL4UTiMuSuAY816imDBRENCB21DNChS,7,5,0.0,0.0,0,0,0,0,0,0.0,0.0,0.0,0.01,0.0,0.0,0.0,0.0,0.0,0.0,program_accountLBUZKhRxPF3XUpBCjp4YzTKgLccjZhTSDM9YuVaPwxo
2AQdpHJ2JpcEgPiATUXjQxA8QmafFegfQwSLWSprPicm,0,1,0.0,0.0,0,0,0,0,0,0.0,0.0,0.0,39592.69,0.0,0.0,4282027.64,0.0,0.0,0.0,wallet
4xDsmeTWPNjgSVSS1VTfzFq3iHZhp77ffPkAmkZkdu71,0,1,0.0,0.0,0,0,0,0,0,0.0,0.0,0.0,4.98,0.0,0.0,0.0,0.0,0.0,0.0,wallet
DQ5UEnqMWvJwHKg3JhMVEUhc2pXiNQVbuNRt6qnjLbDW,562,44,706.0,16.05,52,54,87,0,10,407.6,407.6,0.0,0.01,0.0,0.0,0.0,1.0246734397677797,10765.98,175.41,wallet
2rvSqMCQ4kxr1bVKedaQ5ZKGWLtEk7LWP6rTeeC8737Q,108,74,1000.0,13.51,42,223,81,1,22,704.4,704.4,0.0,0.41,0.0,0.0,9631.66,1.4947683109118086,2377.42,588.61,wallet
6LNCConaSLaYNZPKpR2fEcr2nPe4mfKfo7kRARdX25SE,112,2,0.0,0.0,0,0,0,0,0,0.0,0.0,0.0,0.0,0.0,0.0,0.0,0.0,0.0,0.0,unknown
5eeVtRPEasMzUMYXbCKMMr86313g4uSeLcaiHeGyc6yu,0,1,0.0,0.0,0,0,0,0,0,0.0,0.0,0.0,0.01,0.0,0.0,0.0,0.0,0.0,0.0,program_accountLBUZKhRxPF3XUpBCjp4YzTKgLccjZhTSDM9YuVaPwxo
HqHaXN3TWJxBfUZxd3kSaxWE544QWAGE75wM1DF2zZ9G,77,63,1000.0,15.87,64,517,109,0,0,530.4,530.4,0.0,0.0,0.0,0.0,0.0,1.0,1740.42,49.89,program_accountpAMMBay6oceH9fJKBRHGP5D4bD4sWpmSwMn52FMfXEA
DoiMqizo27hra7Q1WibtPwN6WCmazbK6f27K55g8uwLi,22,24,1000.0,41.67,55,277,129,0,144,1132.1,1132.1,0.0,90.11,0.0,28.28,0.0,2.070393374741201,437.96,25.11,wallet
ASCSDmpkbXDNRiPRKGAPiLU4Kukc6P8vgNBtNhGw3Hnf,1,3,0.0,0.0,0,0,0,0,0,0.0,0.0,0.0,0.14,0.0,0.0,0.0,0.0,0.0,0.0,program_accountpAMMBay6oceH9fJKBRHGP5D4bD4sWpmSwMn52FMfXEA
HFWE4gbX1XGirodMXhy6CCzvGo5Ep4iD9U7yHZHhX53M,112,2,0.0,0.0,0,0,0,0,0,0.0,0.0,0.0,0.0,0.0,0.0,0.0,0.0,0.0,0.0,unknown
81H1xLnBC6E16CDrz6StD4qUh1gk9oxv97t7WJqVDMB8,79,78,1000.0,12.82,62,642,122,0,0,1060.5,1060.5,0.0,0.0,0.0,0.0,0.0,1.0,1883.19,34.74,program_accountpAMMBay6oceH9fJKBRHGP5D4bD4sWpmSwMn52FMfXEA
BUMh6YebpBvAh4by4oTGJUvzQ9CvH6dqPgrZvXFDMwC1,0,1,0.0,0.0,0,0,0,0,0,0.0,0.0,0.0,0.0,0.0,0.0,0.0,0.0,0.0,0.0,program_accountpAMMBay6oceH9fJKBRHGP5D4bD4sWpmSwMn52FMfXEA
B64rPvXkbsau9BfHL64eQcFopRH5Tf6Qt12jTnq5YqrG,18,19,1000.0,52.63,64,425,108,0,0,640.3,640.3,0.0,0.0,0.0,0.0,0.0,1.0,416.71,7.43,program_accountpAMMBay6oceH9fJKBRHGP5D4bD4sWpmSwMn52FMfXEA
H1DM3vz1oodrTAkh41sh4pKwrKFd7UAaJKU1gbEW7PTR,45,20,102.0,5.1,47,66,21,0,3,110.0,110.0,0.0,0.03,0.0,0.0,0.0,2.04,705.54,25.26,wallet
HVRcXaCFyUFG7iZLm3T1Qn8ZGDMHj3P3BpezUfWfRf2x,1,2,0.0,0.0,0,0,0,0,0,0.0,0.0,0.0,7364.32,0.0,0.0,32957.98,0.0,0.0,0.0,wallet
HnhpJPJgBG2KwniMTNW8cVBHvk1hFog3RC3kjnyc23tD,0,1,0.0,0.0,0,0,0,0,0,0.0,0.0,0.0,0.01,0.0,0.0,840355.41,0.0,0.0,0.0,program_accountCAMMCzo5YL8w4VFF8KVHrK22GGUsp5VTaW7grrKgrWqK
2eE14nwywufw7c3PAWrZbaz4xkH8qksHzmSvcZeUjCvg,104,3,19.0,6.33,24,7,2,0,1,6.7,6.7,0.0,0.08,0.0,8976.9,0.0,1.2666666666666666,35.99,0.0,wallet
HFREFa2jczxNTGn7NeGisjz84yQJZS64ZsgDEzwwYnPd,1,2,0.0,0.0,0,0,0,0,0,0.0,0.0,0.0,0.0,0.0,0.0,0.0,0.0,0.0,0.0,program_accountpAMMBay6oceH9fJKBRHGP5D4bD4sWpmSwMn52FMfXEA
4o4u2q3iwTBzNZ1tVPmJbEpu3zRrxvMV9WUdnJjT1s8b,76,1,0.0,0.0,0,0,0,0,0,0.0,0.0,0.0,0.0,0.0,0.0,0.0,0.0,0.0,0.0,unknown
6MnRmGFYbnwheQfpf8WFiM6cnsVdA1muKjQq1D2E7XKt,76,1,0.0,0.0,0,0,0,0,0,0.0,0.0,0.0,0.0,0.0,0.0,0.0,0.0,0.0,0.0,unknown
9USBkEmdCBiYqemZsKxFR3QBJuuo2Lj7qCLy1s3VVZRg,40,16,0.0,0.0,0,0,0,0,0,0.0,0.0,0.0,0.0,0.0,0.0,0.0,0.0,0.0,0.0,wallet
66m6d9BehNL29PhqZtf85Lh9BuuZwU7MEZ7i1G4fwec6,5,7,0.0,0.0,0,0,0,0,0,0.0,0.0,0.0,0.0,0.0,0.0,0.0,0.0,0.0,0.0,program_accountpAMMBay6oceH9fJKBRHGP5D4bD4sWpmSwMn52FMfXEA
EJPYSe9BhGger3yxtbWUmta6vp9gjq3gJ288kaqzs1ry,0,2,0.0,0.0,0,0,0,0,0,0.0,0.0,0.0,0.01,0.0,0.0,0.0,0.0,0.0,0.0,program_accountLBUZKhRxPF3XUpBCjp4YzTKgLccjZhTSDM9YuVaPwxo
XUrKb2aK4jBm77q75EemchVUNRTJyeFQ5KebTJygPhF,0,1,0.0,0.0,0,0,0,0,0,0.0,0.0,0.0,1.0,0.0,0.0,3.44,0.0,0.0,0.0,wallet
EFNDannBFANGABPEjUNZ9H6LjhNa3cTgVVQ8P23iWZYv,4,6,0.0,0.0,0,0,0,0,0,0.0,0.0,0.0,0.0,0.0,0.0,0.0,0.0,0.0,0.0,program_accountpAMMBay6oceH9fJKBRHGP5D4bD4sWpmSwMn52FMfXEA
BTb5e3TfzMQZNfFxCkmAzGmNKEqBy3gDcQYMHT85pVwn,112,2,0.0,0.0,0,0,0,0,0,0.0,0.0,0.0,0.0,0.0,0.0,0.0,0.0,0.0,0.0,unknown
Biw4eeaiYYYq6xSqEd7GzdwsrrndxA8mqdxfAtG3PTUU,0,1,0.0,0.0,0,0,0,0,0,0.0,0.0,0.0,228468.06,0.0,0.0,1084485.37,0.0,0.0,0.0,wallet
BkWwDKcMjDx5Xs7vd11Zv8YyP2dL8Dmc6Z2CRujMHKks,0,1,0.0,0.0,0,0,0,0,0,0.0,0.0,0.0,0.0,0.0,0.0,0.0,0.0,0.0,0.0,program_accountpAMMBay6oceH9fJKBRHGP5D4bD4sWpmSwMn52FMfXEA
4jUYGrwmcAzqV99RvZCTqER9PM8TSLeSFr5VNEGdHzGX,45,1,0.0,0.0,0,0,0,0,0,0.0,0.0,0.0,0.0,0.0,0.0,0.0,0.0,0.0,0.0,program_accountpAMMBay6oceH9fJKBRHGP5D4bD4sWpmSwMn52FMfXEA
AVss19ugd7SAnWTTEp8V1vHVfEqVeHXmPTUjpmsCW7di,62,58,1000.0,17.24,63,447,111,0,0,471.2,471.2,0.0,0.0,0.0,0.0,0.0,1.0,1453.61,59.72,program_accountpAMMBay6oceH9fJKBRHGP5D4bD4sWpmSwMn52FMfXEA
J4jbvp8UAfAePYuQqFgzRJb64kTKpzNhvJtGFq5T4fDV,0,1,0.0,0.0,0,0,0,0,0,0.0,0.0,0.0,0.01,0.0,0.0,0.0,0.0,0.0,0.0,program_accountwhirLbMiicVdio4qvUfM5KAg6Ct8VwpYzGff3uctyCc
z9sAiJuSXMNyg9T4D5N7HjvgQZfQxZk33jUHJjWGMrB,6,7,0.0,0.0,0,0,0,0,0,0.0,0.0,0.0,0.13,0.0,0.0,0.0,0.0,0.0,0.0,wallet
32q258gpxRhF8chceFSmDerWEWLDiLNjEasSmiasw61r,48,1,3.0,3.0,42,8,3,0,1,72.2,72.2,0.0,0.0,0.0,0.0,0.0,1.0,0.0,0.0,unknown
GQ3NnM7tqZURAJNnncuXB3ttPkoFfejs24sYpUDm8sYC,5,7,0.0,0.0,0,0,0,0,0,0.0,0.0,0.0,0.05,0.0,0.0,0.0,0.0,0.0,0.0,wallet
Grr9WnZdcetQywtFXog81UhqmnJyvFhb4AT3ipw44mZP,0,2,0.0,0.0,0,0,0,0,0,0.0,0.0,0.0,0.69,0.0,0.0,71104.18,0.0,0.0,0.0,wallet
ArMjPSX8Fxrb7B7H4HDg7ZkCPdijJKVQKT98sxtpnZEu,4,6,0.0,0.0,0,0,0,0,0,0.0,0.0,0.0,0.01,0.0,0.0,0.0,0.0,0.0,0.0,program_accountLBUZKhRxPF3XUpBCjp4YzTKgLccjZhTSDM9YuVaPwxo
4egeVFwKgGGXHoXqif6rRZyRab8WtV21rsQiTf5CaJGF,173,29,79.0,2.72,9,4,1,1,5,162.2,162.2,0.0,0.0,0.0,0.0,0.0,2.821428571428572,539.12,0.0,unknown
A9XNPWLZo1Q4EGzkkusSxdRHqtxz8jj9LXqrwExNuGtj,909,136,885.0,6.51,55,171,88,2,11,435.1,435.1,0.0,43.04,0.0,2050.0,0.0,1.2173314993122422,16731.14,924.68,wallet
7kFPDSanGWtAMaRcB49mBt1yeSTwqyedqvtVJVPXunrm,51,4,30.0,7.5,33,7,9,0,0,34.0,34.0,0.0,0.22,0.0,0.0,0.0,1.6666666666666667,49.16,0.0,wallet
Hv7KcoMceKmk4AQdTRHq2XwdEMCLabGsR99RwiMdGcha,6,8,0.0,0.0,0,0,0,0,0,0.0,0.0,0.0,0.0,0.0,0.0,0.0,0.0,0.0,0.0,program_accountpAMMBay6oceH9fJKBRHGP5D4bD4sWpmSwMn52FMfXEA
FvCoDbFdRfLW5f4V1w6ETisdpgsaCMwbA2FzhaPHDkvb,295,52,1000.0,19.23,34,131,37,0,52,5498.7,5498.7,0.0,0.67,0.0,0.0,0.0,1.4534883720930232,3634.17,97.44,wallet
2z5DLiDjMGvTcMEG6ExQDdUb781CVtYXbqYTBKmA4ths,73,74,1000.0,13.51,64,458,146,0,0,1412.2,1412.2,0.0,0.0,0.0,0.0,0.0,1.0,1719.28,212.07,program_accountpAMMBay6oceH9fJKBRHGP5D4bD4sWpmSwMn52FMfXEA
BZtgQEyS6eXUXicYPHecYQ7PybqodXQMvkjUbP4R8mUU,0,1,0.0,0.0,0,0,0,0,0,0.0,0.0,0.0,0.01,0.0,0.0,365054.83,0.0,0.0,0.0,program_accountCAMMCzo5YL8w4VFF8KVHrK22GGUsp5VTaW7grrKgrWqK
CKMM67PfiH82C7T3ywP1rGv3Zzr9EiA7Bv145iCwum6U,0,1,0.0,0.0,0,0,0,0,0,0.0,0.0,0.0,1.26,0.0,0.0,0.0,0.0,0.0,0.0,wallet
6RTpyk5QpJBfstf2aqskS7yBcDzUxzXmfnBmmLfGiRXy,154,20,1000.0,50.0,55,71,25,1,35,1535.8,1535.8,0.0,0.2,0.0,0.22,0.0,10.526315789473683,2651.13,17.09,wallet
CB293NyoosYMt9ppwWN9cdt7Zjwgzk3cQ5KgCZf8k8Dy,1,3,0.0,0.0,0,0,0,0,0,0.0,0.0,0.0,0.01,0.0,0.0,15256.88,0.0,0.0,0.0,program_accountREALQqNEomY6cQGZJUGwywTBD2UmDT32rZcNnfxQ5N2
AdsimTwg8bwmwJpKoy838MtMHdWUeAecWs7sGJybYQHF,274,22,155.0,7.05,39,78,16,0,9,421.2,421.2,0.0,0.07,0.0,0.0,0.0,2.1527777777777777,3159.14,133.29,wallet
HkxaMNK8YrU4uBbWcutD5zbMuiYyXjAedRN1rFAHvuVZ,96,80,1000.0,12.5,63,428,109,0,0,240.1,240.1,0.0,0.0,0.0,0.0,0.0,1.0,1991.84,32.84,program_accountpAMMBay6oceH9fJKBRHGP5D4bD4sWpmSwMn52FMfXEA
HPsv7QiKawY77UXegLpiY3Esu3rEGenkLwxFQns7ZJr4,124,69,887.0,12.86,64,414,158,0,4,1432.3,1432.3,0.0,0.11,53.92,1312.16,0.0,1.0,2886.21,99.55,wallet
4VFsVdEu6rJ3kB4BHoPDxz888RpFUJNriksRp2m6Hoep,147,75,1000.0,13.33,64,408,103,1,74,3335.9,3335.9,0.0,0.01,0.0,0.0,0.0,1.3831258644536653,2752.68,431.76,wallet
DRpjkKzVjypGjhTs2A14YAoKq4gZMHiwFnbN6FENudv9,11,13,0.0,0.0,0,0,0,0,0,0.0,0.0,0.0,32.43,0.0,0.0,0.0,0.0,0.0,0.0,wallet
43DbAvKxhXh1oSxkJSqGosNw3HpBnmsWiak6tB5wpecN,3,5,0.0,0.0,0,0,0,0,0,0.0,0.0,0.0,57881.39,0.0,0.0,536956.04,0.0,0.0,0.0,wallet
9KpHLZRVumaNfb7f6xUKVaDozkRFxBJ8g3zp5JtDArSN,6,5,0.0,0.0,0,0,0,0,0,0.0,0.0,0.0,0.0,0.0,0.0,0.0,0.0,0.0,0.0,program_accountpAMMBay6oceH9fJKBRHGP5D4bD4sWpmSwMn52FMfXEA
8tR9bBehhHzfzMwzcdXs6HFB4dJCZ3e8qgmaXaQgU3QE,75,67,1000.0,14.93,63,384,96,1,4,1938.5,1938.5,0.0,0.05,0.0,770.78,0.0,1.7301038062283738,1760.43,172.98,wallet
4w2cysotX6czaUGmmWg13hDpY4QEMG2CzeKYEQyK9Ama,0,1,0.0,0.0,0,0,0,0,0,0.0,0.0,0.0,0.22,0.0,0.0,0.0,0.0,0.0,0.0,program_accountpAMMBay6oceH9fJKBRHGP5D4bD4sWpmSwMn52FMfXEA
4mn6orJA6Cap4419W6x5Nvavex5WmZjjceG2E36AQe9U,0,2,0.0,0.0,0,0,0,0,0,0.0,0.0,0.0,0.0,0.0,0.0,0.0,0.0,0.0,0.0,program_accountpAMMBay6oceH9fJKBRHGP5D4bD4sWpmSwMn52FMfXEA
D3R5a1Ljw9AaHGtEadUx5U7K1q5nYkfySK3HqiEeB3si,89,71,1000.0,14.08,56,362,29,0,1,10419.0,10419.0,0.0,0.02,0.0,1928.43,0.0,1.6181229773462784,1837.6,227.36,wallet
Cf32DnYyHKa5TE6V74v1Gtk8CQrw2bFTDWNYFQBMewTS,73,47,609.0,12.96,61,140,24,1,27,2462.5,2462.5,0.0,0.0,0.0,11175.0,0.01,2.0165562913907285,1614.3,172.28,wallet
BsfVJJUuqSMo2FReBhUd2BU1F7s2C4JSDVBEVAnCJvgt,103,2,4.0,2.0,3,2,0,0,2,28.3,28.3,0.0,0.0,0.0,0.0,0.0,4.0,0.0,0.0,unknown
7XhTXw9ZqifEM5XhgMLXZDnq2Sz4dPztvj66vRWoS8kQ,337,68,840.0,12.35,40,181,92,1,36,706.6,706.6,0.0,0.01,0.0,0.0,0.0,1.98581560283688,4136.02,503.39,wallet
3h7vhXCmuUvXEfYEbpQbcFQdSB7v1iBA1bqJRXoZn2VV,73,69,1000.0,14.49,36,110,56,8,40,665.3,665.3,0.0,16.16,0.0,0.0,0.0,1.1933174224343674,1657.48,645.06,wallet
Co81s1dCCYkxvMQRdoapkpiRzKg83SpSStXv6rq95pmF,0,1,0.0,0.0,0,0,0,0,0,0.0,0.0,0.0,0.0,0.0,0.0,0.0,0.0,0.0,0.0,program_accountpAMMBay6oceH9fJKBRHGP5D4bD4sWpmSwMn52FMfXEA
5QNHP7QLe47fe1nFx7dAjyZPkk85uKYjp9J4itcNNtWJ,169,14,196.0,14.0,52,102,20,0,11,386.1,386.1,0.0,0.0,0.0,0.0,0.0,1.4736842105263157,3244.5,2.1,wallet
GBd4CeeQhoEBzGcyMeADZvT5ZzTkJjHi74wQ95E9BScW,10,11,0.0,0.0,0,0,0,0,0,0.0,0.0,0.0,2.52,0.0,0.0,0.0,0.0,0.0,0.0,wallet
9htNhHVtWrPiRdcSyBZoAhtLRZ4NKxxNE8qdkDCZx57f,0,1,0.0,0.0,0,0,0,0,0,0.0,0.0,0.0,0.0,0.0,0.0,0.0,0.0,0.0,0.0,program_accountpAMMBay6oceH9fJKBRHGP5D4bD4sWpmSwMn52FMfXEA
KmZEaV28iXohQNMzVuLce1Z82caaeXFL8V1wuSN7ZXN,3,4,0.0,0.0,0,0,0,0,0,0.0,0.0,0.0,0.0,0.0,0.0,0.0,0.0,0.0,0.0,program_accountpAMMBay6oceH9fJKBRHGP5D4bD4sWpmSwMn52FMfXEA
5HQZd9ovzAF1TLnHRAq1zcSnXC9HAp3EwhoxMHvo8rxB,0,1,0.0,0.0,0,0,0,0,0,0.0,0.0,0.0,87802.49,0.0,0.0,1259402.25,0.0,0.0,0.0,wallet
3oUEaNt7uL7pjZ6gdiAiEVRp9ZCcGRec7B5aSvXcjbWS,0,1,0.0,0.0,0,0,0,0,0,0.0,0.0,0.0,71.62,0.0,0.0,117567.69,0.0,0.0,0.0,wallet
9vJWkCiYp4YTTfFxpk3vwVsTHmh9TuusobxepoTyfNLD,64,50,1000.0,20.0,64,491,35,0,11,6750.1,6750.1,0.0,0.08,0.0,0.0,0.0,1.7152658662092624,1507.3,321.61,wallet
7UVh3yvb1K4ixEiaYnCNVDTKQteE5n9idPuvVJy9DhJc,83,51,1000.0,19.61,64,151,28,0,0,686.6,686.6,0.0,0.2,0.0,0.0,1.01,1.7730496453900708,1797.07,629.17,wallet
2eANFKpX8TLDjCk8fFwf77UjBCt7XFpBQEjFqDpjrfXp,1,2,0.0,0.0,0,0,0,0,0,0.0,0.0,0.0,0.0,0.0,0.0,0.0,0.0,0.0,0.0,program_accountpAMMBay6oceH9fJKBRHGP5D4bD4sWpmSwMn52FMfXEA
FpwQQhQQoEaVu3WU2qZMfF1hx48YyfwsLoRgXG83E99Q,0,1,0.0,0.0,0,0,0,0,0,0.0,0.0,0.0,34945.93,0.0,0.0,3428166.13,0.0,0.0,0.0,wallet
FiDQNuRvjq5GDWiPARiR3eNLQmeHa8UVoJ9gb2RHFw6V,316,106,1000.0,9.43,64,191,92,3,12,1172.1,1172.1,0.0,0.16,0.0,7009.8,0.07,1.5527950310559009,7337.68,776.25,wallet
99rkh37pvEK5jfi9zD6cf5wBrxmfLt2ko9agRbNY7nmR,22,23,1000.0,43.48,64,450,86,0,0,412.0,412.0,0.0,0.0,0.0,0.0,0.0,1.0,453.62,7.18,program_accountpAMMBay6oceH9fJKBRHGP5D4bD4sWpmSwMn52FMfXEA
is6MTRHEgyFLNTfYcuV4QBWLjrZBfmhVNYR6ccgr8KV,0,1,0.0,0.0,0,0,0,0,0,0.0,0.0,0.0,223108.64,0.0,0.0,98.2,0.0,0.0,0.0,wallet
AafGzY9eiC5Ud3YFZQwkaKApp48cVBAT2kksGvEjhUvH,215,9,0.0,0.0,0,0,0,0,0,0.0,0.0,0.0,0.57,0.0,0.0,200.0,0.0,0.0,0.0,wallet
fr6yQkDmWy6R6pecbUsxXaw6EvRJznZ2HsK5frQgud8,0,1,0.0,0.0,0,0,0,0,0,0.0,0.0,0.0,8486.14,0.0,0.0,500829.25,0.0,0.0,0.0,wallet
BdjfXqH2MDPhuoaMUgKPy4RwF6sStUb8nDqjrJGgDUaC,23,24,1000.0,41.67,64,488,95,0,0,1457.8,1457.8,0.0,0.0,0.0,0.0,0.0,1.0,539.62,14.39,program_accountpAMMBay6oceH9fJKBRHGP5D4bD4sWpmSwMn52FMfXEA
BuL4VKfkN7jvEgNKkCRusooXa4eJ7EUraRhGaqkELUYF,153,2,9.0,4.5,3,3,0,0,3,45.4,45.4,0.0,0.0,0.0,0.0,0.0,3.0,0.0,0.0,unknown
4CPVihvjKUUsXq3HFrS8wniUKffbpDqz2h6jHKjeXoYD,0,1,0.0,0.0,0,0,0,0,0,0.0,0.0,0.0,0.0,0.0,0.0,0.0,0.0,0.0,0.0,program_accountpAMMBay6oceH9fJKBRHGP5D4bD4sWpmSwMn52FMfXEA
8JUEoHNMbWM4eegcMvx6ZQJt3V3fbo8JNjpWiCtJgxfF,215,9,0.0,0.0,0,0,0,0,0,0.0,0.0,0.0,2164.31,0.0,0.0,15.0,0.0,0.0,0.0,wallet
4QbzHS2EcgmvyX77hRexRLvu4Hyy4EeSmWRDR8XSeFqo,8,9,0.0,0.0,0,0,0,0,0,0.0,0.0,0.0,0.0,0.0,0.0,0.0,0.0,0.0,0.0,program_accountpAMMBay6oceH9fJKBRHGP5D4bD4sWpmSwMn52FMfXEA
B1s5GoZVb33oHEM4WqiLShtNXJXAR2UbZA5y5dwYgpcf,107,35,247.0,7.06,62,67,16,1,3,374.3,374.3,0.0,0.0,0.0,0.0,0.0,1.5341614906832295,1153.7,52.36,wallet
5avBnEPmtPHNsCYXzBPZQ41eaTj28G8rByKpd4TtjZGc,79,79,1000.0,12.66,63,375,146,0,0,341.9,341.9,0.0,0.0,0.0,0.0,0.0,1.0,1843.49,94.25,program_accountpAMMBay6oceH9fJKBRHGP5D4bD4sWpmSwMn52FMfXEA
2YTdAkr7YxyWZk5GmU3ihhVzYYR8xj8fRRNReJukHe6N,0,2,0.0,0.0,0,0,0,0,0,0.0,0.0,0.0,0.0,0.0,0.0,0.0,0.0,0.0,0.0,program_accountpAMMBay6oceH9fJKBRHGP5D4bD4sWpmSwMn52FMfXEA
DMnTidVC8dMxRxUzFyZ4StQkbS4R8ACwxhNsEyi6u3Lx,0,1,0.0,0.0,0,0,0,0,0,0.0,0.0,0.0,0.0,0.0,0.0,0.0,0.0,0.0,0.0,program_accountpAMMBay6oceH9fJKBRHGP5D4bD4sWpmSwMn52FMfXEA
2UqGtSVmU4UHPFtAJeeQG3pTzKSe8RK2fFhaWgBMYeKm,218,28,1000.0,35.71,64,2,58,0,0,0.2,0.2,0.0,0.01,0.0,0.0,0.0,1.0,2105.96,10.84,program_accountLBUZKhRxPF3XUpBCjp4YzTKgLccjZhTSDM9YuVaPwxo
8cMcEhNqJDjSTEfaXVECkryxyJRrjeMcJk2FssUdVL5y,33,8,0.0,0.0,0,0,0,0,0,0.0,0.0,0.0,0.01,0.0,0.0,0.0,0.0,0.0,0.0,program_accountLBUZKhRxPF3XUpBCjp4YzTKgLccjZhTSDM9YuVaPwxo
7y2BfS5W26Hx6tMVEAGJ7XWbpQQF2YmQ5CTjUMPu5cy9,217,47,1000.0,21.28,64,212,46,0,10,3147.2,3147.2,0.0,0.06,0.01,48289.22,0.2,1.7123287671232876,4578.9,48.0,wallet
Cf51Hk5Zm7JtMaqzkR9kj6AD8o1PeuwMeFf4z947XQ55,0,1,0.0,0.0,0,0,0,0,0,0.0,0.0,0.0,0.0,0.0,0.0,0.0,0.0,0.0,0.0,program_accountpAMMBay6oceH9fJKBRHGP5D4bD4sWpmSwMn52FMfXEA
59xpmjjPhrotF35kJsD6KMkeySxW5jz2jWtxgsRS217m,235,19,1000.0,52.63,64,129,100,0,0,64.0,64.0,0.0,0.01,0.0,0.0,0.0,1.0,4703.49,87.97,program_accountLBUZKhRxPF3XUpBCjp4YzTKgLccjZhTSDM9YuVaPwxo
8rXNbQLZrpvt5RnMB3Gm1xdb1LrWz3Hf6gUL2XdfZ6xi,22,9,0.0,0.0,0,0,0,0,0,0.0,0.0,0.0,0.01,0.0,0.0,0.0,0.0,0.0,0.0,program_accountLBUZKhRxPF3XUpBCjp4YzTKgLccjZhTSDM9YuVaPwxo
34Ld97Dp8W9oeHsGUkUQR9dASUVpuA4EwzbgJRBjTdc1,72,6,0.0,0.0,0,0,0,0,0,0.0,0.0,0.0,0.01,0.0,0.0,0.0,0.0,0.0,0.0,program_accountLBUZKhRxPF3XUpBCjp4YzTKgLccjZhTSDM9YuVaPwxo
7323nyJNmtjnB7ynFZrvWwPyauGfNwSd4GR2bAhmCsjG,6,6,84.0,14.0,62,94,31,0,0,431.3,431.3,0.0,0.09,1182.25,0.0,0.0,1.0,112.18,15.43,wallet
2fDUxPqLabB1zVKuEKH4bGxxtvA95mhdMenxbKUNbYP6,57,57,1000.0,17.54,63,436,148,0,0,764.2,764.2,0.0,0.0,0.0,0.0,0.0,1.0,1349.9,95.66,program_accountpAMMBay6oceH9fJKBRHGP5D4bD4sWpmSwMn52FMfXEA
EjDrCdnPXpKHcTM62RLNpLFDNqJmmTNj7aFTVv8vxJDY,48,27,1000.0,37.04,38,206,113,0,36,880.9,880.9,0.0,0.01,0.0,0.0,0.0,2.5906735751295336,946.48,244.44,wallet
4nvNc7dDEqKKLM4Sr9Kgk3t1of6f8G66kT64VoC95LYh,10,10,0.0,0.0,0,0,0,0,0,0.0,0.0,0.0,81.5,0.0,0.0,102.44,0.0,0.0,0.0,wallet
HVimk99ygSSDnWz9eSqumdThrFz4DADE7j6phmFms6at,0,1,0.0,0.0,0,0,0,0,0,0.0,0.0,0.0,0.0,0.0,0.0,0.0,0.0,0.0,0.0,program_accountpAMMBay6oceH9fJKBRHGP5D4bD4sWpmSwMn52FMfXEA
6scE9qMthfA256GrwFGBvVMenmWM5mAJCtipjBL9c1JY,270,11,34.0,3.09,52,27,9,0,2,406.7,406.7,0.0,0.14,0.0,0.0,0.0,1.1333333333333333,6115.22,901.82,wallet
Fbmuzp5qnY8oGb5sSGhxFMYuc9dmpheQp6jukwPNRG2v,33,15,0.0,0.0,0,0,0,0,0,0.0,0.0,0.0,0.01,0.0,0.0,0.0,0.0,0.0,0.0,program_accountLBUZKhRxPF3XUpBCjp4YzTKgLccjZhTSDM9YuVaPwxo
6truu3rZuiB9rKQg4VYC3Dt3QwV7DgwGqXrYUcrvnDDE,0,1,0.0,0.0,0,0,0,0,0,0.0,0.0,0.0,0.01,0.0,0.0,1306343.52,0.0,0.0,0.0,program_accountCAMMCzo5YL8w4VFF8KVHrK22GGUsp5VTaW7grrKgrWqK
Czfq3xZZDmsdGdUyrNLtRhGc47cXcZtLG4crryfu44zE,0,1,0.0,0.0,0,0,0,0,0,0.0,0.0,0.0,10.75,0.0,0.0,9753710.21,0.0,0.0,0.0,program_accountwhirLbMiicVdio4qvUfM5KAg6Ct8VwpYzGff3uctyCc
4xxBGBnXqfCyUpsKRix1VaWm15uND2P83ForEzYDngbD,8,9,0.0,0.0,0,0,0,0,0,0.0,0.0,0.0,142.7,0.0,0.0,0.0,0.0,0.0,0.0,wallet
2d7S15beAPZsUDpwD1pmDv7cf4jHibQd3CgGkbkowNPf,10,12,0.0,0.0,0,0,0,0,0,0.0,0.0,0.0,3.75,0.0,0.0,0.0,0.0,0.0,0.0,wallet
39Ui43koZVxjtk4UYYrxJcEykJ2HCgxgFGZhPQPcyyG3,61,63,1000.0,15.87,63,334,82,0,0,819.6,819.6,0.0,0.0,0.0,0.0,0.0,1.0,1445.85,81.15,program_accountpAMMBay6oceH9fJKBRHGP5D4bD4sWpmSwMn52FMfXEA
6TwjrsuMri8Vx7AUyXtBq6NUXvwXHvrX5vHK1nxG36ir,35,9,0.0,0.0,0,0,0,0,0,0.0,0.0,0.0,0.01,0.0,0.0,0.0,0.0,0.0,0.0,program_accountLBUZKhRxPF3XUpBCjp4YzTKgLccjZhTSDM9YuVaPwxo
Hd6WVoZgDURmWM4mKTYFFePkrV2EvSR8yP3dkxdmozkA,3,1,4.0,4.0,35,9,3,0,1,55.3,55.3,0.0,0.01,0.0,0.0,0.0,2.0,1.79,0.0,wallet
EMXJqHznGSnSzeMyigBGQNEFw4EeaNDbj1UwaFTpp3sg,0,1,0.0,0.0,0,0,0,0,0,0.0,0.0,0.0,194424.57,0.0,0.0,925205.38,0.0,0.0,0.0,wallet
8Y1yUzdM7BeJExEsjHFAGGy53uUfyFpdCo345xV7Un13,6,8,0.0,0.0,0,0,0,0,0,0.0,0.0,0.0,0.01,0.0,0.0,0.0,0.0,0.0,0.0,program_accountLBUZKhRxPF3XUpBCjp4YzTKgLccjZhTSDM9YuVaPwxo
37iWFSqgnTSAfShoBTBzQghwsTtkWAZW3yVzgJWKn6iK,3,4,0.0,0.0,0,0,0,0,0,0.0,0.0,0.0,0.1,0.0,0.0,0.0,0.0,0.0,0.0,program_accountpAMMBay6oceH9fJKBRHGP5D4bD4sWpmSwMn52FMfXEA
53wbEg9Nw8y6dD1TeYj7oW1Rz5Eb1S5ZARqkj9VJi1BL,53,54,1000.0,18.52,64,581,91,0,0,838.8,838.8,0.0,0.0,0.0,0.0,0.0,1.0,1245.99,76.86,program_accountpAMMBay6oceH9fJKBRHGP5D4bD4sWpmSwMn52FMfXEA
9wJaWChRfuzcfKPPXeH4enHTfruaZrR6dJyAzBTQD9KH,20,21,1000.0,47.62,63,535,139,0,0,1191.2,1191.2,0.0,0.0,0.0,0.0,0.0,1.0,483.54,24.6,program_accountpAMMBay6oceH9fJKBRHGP5D4bD4sWpmSwMn52FMfXEA
BJVHreQzTvimR8PKbiwXTfX1WSsA7ha9vgB2aLxtydpR,0,1,0.0,0.0,0,0,0,0,0,0.0,0.0,0.0,0.0,0.0,0.0,0.0,0.0,0.0,0.0,program_accountpAMMBay6oceH9fJKBRHGP5D4bD4sWpmSwMn52FMfXEA
D6fL5twc2uE9HtmYBDULdy7cSpjBV4nAi3kJeLKwRT9V,43,3,0.0,0.0,0,0,0,0,0,0.0,0.0,0.0,0.0,0.0,0.0,0.0,0.0,0.0,0.0,unknown
5KekXEFytdbrkvERNNNGxVFovevYJxukKc7iGUwy873K,3,4,0.0,0.0,0,0,0,0,0,0.0,0.0,0.0,0.0,0.0,0.0,0.0,0.0,0.0,0.0,program_accountpAMMBay6oceH9fJKBRHGP5D4bD4sWpmSwMn52FMfXEA
57mP5WoNrg3uiGFUdoeYr2CPUZak1L2ZgFtyFwoT7K6G,0,2,0.0,0.0,0,0,0,0,0,0.0,0.0,0.0,0.01,0.0,0.0,0.0,0.0,0.0,0.0,program_accountwhirLbMiicVdio4qvUfM5KAg6Ct8VwpYzGff3uctyCc
EbpUDz8ekE1TavcRAsMAaeGZk3wJveESRxMiDmxUYXAY,0,1,0.0,0.0,0,0,0,0,0,0.0,0.0,0.0,0.0,0.0,0.0,0.0,0.0,0.0,0.0,program_accountpAMMBay6oceH9fJKBRHGP5D4bD4sWpmSwMn52FMfXEA
BofA2ViUSudPBTUms2KRuG6AHNeMawjNfwqTJDgx5BKW,0,1,0.0,0.0,0,0,0,0,0,0.0,0.0,0.0,0.01,0.0,0.0,0.0,0.0,0.0,0.0,program_accountwhirLbMiicVdio4qvUfM5KAg6Ct8VwpYzGff3uctyCc
42eiVucibVGMdZUchRcCRqUXhMU79pFxFup5JuARxCYy,83,2,0.0,0.0,0,0,0,0,0,0.0,0.0,0.0,0.0,0.0,0.0,0.0,0.0,0.0,0.0,unknown
FSAmbD6jm6SZZQadSJeC1paX3oTtAiY9hTx1UYzVoXqj,12,12,0.0,0.0,0,0,0,0,0,0.0,0.0,0.0,4.93,0.0,0.0,0.0,0.0,0.0,0.0,wallet
C2bDSX75BqfKQtZmKmUFAXQdfZBtF7soRX4E1eM34c6t,71,24,119.0,4.96,59,20,16,0,0,300.5,300.5,0.0,0.0,0.0,0.0,0.0,1.0,924.74,103.49,unknown
7dt9V3DfKkhzmk8eyCyBFFjaAo2oRpR9w13JLAAs7j5u,2,4,0.0,0.0,0,0,0,0,0,0.0,0.0,0.0,9.19,0.0,0.0,0.0,0.0,0.0,0.0,wallet
6ntTwgtExf8vbdPkmAHf5xANEb1kgFHQwsSwFpVS4sAd,83,2,0.0,0.0,0,0,0,0,0,0.0,0.0,0.0,0.0,0.0,0.0,0.0,0.0,0.0,0.0,unknown
7iC4m86Qhry1drXfFoDRkqwNnNg78Er8Y33qM2dWKvRL,65,4,0.0,0.0,0,0,0,0,0,0.0,0.0,0.0,0.01,0.0,0.0,0.0,0.0,0.0,0.0,program_accountLBUZKhRxPF3XUpBCjp4YzTKgLccjZhTSDM9YuVaPwxo
8YKAngmCSm6x5fsdrZa7MHeqhQZko1q7JTnTdnBejqAb,4,5,0.0,0.0,0,0,0,0,0,0.0,0.0,0.0,0.0,0.0,0.0,0.0,0.0,0.0,0.0,program_accountpAMMBay6oceH9fJKBRHGP5D4bD4sWpmSwMn52FMfXEA
2PRCf9TWuTnwBpsFrfubhzL1Bt5dfK6hSK341PgdUgTa,59,46,1000.0,21.74,55,201,56,2,1,1000.8,1000.8,0.0,0.24,0.0,5.3,0.0,1.1273957158962795,1320.27,107.01,wallet
FkjfTBn1cmjkeiCEtuDjeaRNKMPWfe71eKaqX8ksxu3b,18,19,1000.0,52.63,64,458,132,0,0,381.6,381.6,0.0,0.0,0.0,0.0,0.0,1.0,427.74,18.43,program_accountpAMMBay6oceH9fJKBRHGP5D4bD4sWpmSwMn52FMfXEA
DQtBV2gxSkUJYirLU1cdBs7cfByzC9gfSVKnbKNwf85Z,33,6,35.0,5.83,7,6,0,0,6,104.8,104.8,0.0,0.01,0.0,0.0,0.0,1.4583333333333333,0.0,0.0,wallet
CFWo1qMpbzRGXWzmJWxyG8mfTrPyigAZknBAo4oPexhC,5,6,0.0,0.0,0,0,0,0,0,0.0,0.0,0.0,40.81,0.0,0.0,0.0,0.0,0.0,0.0,wallet
FpQEy6BygRDaLbBtmgQb6A6iKb7CuHts27ZaZMqHj9cU,9,10,0.0,0.0,0,0,0,0,0,0.0,0.0,0.0,0.0,0.0,0.0,0.0,0.0,0.0,0.0,program_accountpAMMBay6oceH9fJKBRHGP5D4bD4sWpmSwMn52FMfXEA
BDgZ5PvNRZ3xdzmQV4TgrAtAd16PK2r1mVfg8AeShEqR,73,53,1000.0,18.87,64,218,61,0,0,249.8,249.8,0.0,0.0,0.0,0.0,0.0,1.0,1458.05,44.69,program_accountpAMMBay6oceH9fJKBRHGP5D4bD4sWpmSwMn52FMfXEA
2vKZWmvM37eM1Kqstkdt5ArFAvbbhmmCTik1TJYgnhsx,42,18,0.0,0.0,0,0,0,0,0,0.0,0.0,0.0,0.0,0.0,0.0,0.0,0.0,0.0,0.0,program_accountpAMMBay6oceH9fJKBRHGP5D4bD4sWpmSwMn52FMfXEA
CqHjTaYXdWwwgPE5URTAjg3xPDyzdCjG8jUGCk7MSuK6,4,5,0.0,0.0,0,0,0,0,0,0.0,0.0,0.0,0.01,0.0,0.0,0.0,0.0,0.0,0.0,program_accountCAMMCzo5YL8w4VFF8KVHrK22GGUsp5VTaW7grrKgrWqK
BbgXo1xpu3BS9srXRrWxhURBc4xBQQamZSqnyYvbnZkh,34,28,248.0,8.86,63,179,55,4,12,393.5,393.5,0.0,0.0,0.0,1800.3,0.0,1.0,766.6,196.79,unknown
BFuEXEKtPjbz77UBSpfyp4JnH2o5oDP61MhniZVNg5xY,12,13,0.0,0.0,0,0,0,0,0,0.0,0.0,0.0,0.0,0.0,0.0,0.0,0.0,0.0,0.0,program_accountpAMMBay6oceH9fJKBRHGP5D4bD4sWpmSwMn52FMfXEA
3LHYwhm61rVwPxHJwnkV7zB7tmknAoa6scHXX4nCZfQY,0,1,0.0,0.0,0,0,0,0,0,0.0,0.0,0.0,0.0,0.0,0.0,0.0,0.0,0.0,0.0,program_accountpAMMBay6oceH9fJKBRHGP5D4bD4sWpmSwMn52FMfXEA
GYwaQP8Lb3vqG7q2c58ZGueVYfF8hYogg8BeSa1FNcpZ,0,1,0.0,0.0,0,0,0,0,0,0.0,0.0,0.0,0.0,0.0,0.0,0.0,0.0,0.0,0.0,program_accountpAMMBay6oceH9fJKBRHGP5D4bD4sWpmSwMn52FMfXEA
2mAa5EpQYtakyvzfFxqPSU9dD99u6NkGShEZ85PTeqTE,498,42,183.0,4.36,26,30,4,3,25,260.6,260.6,0.0,0.4,0.0,0.0,0.0,1.3357664233576645,1195.45,0.0,wallet
DZQxKSC79umfyyvJVqPM9m6FRmnkUSH1xAafWAPg3hTd,0,1,0.0,0.0,0,0,0,0,0,0.0,0.0,0.0,0.01,0.0,0.0,0.0,0.0,0.0,0.0,program_accountLBUZKhRxPF3XUpBCjp4YzTKgLccjZhTSDM9YuVaPwxo
GpuWWgWuiWkn9fL6EQK55rdwQExkwQJsjuDmhnT3otdK,0,1,0.0,0.0,0,0,0,0,0,0.0,0.0,0.0,0.01,0.0,0.0,0.0,0.0,0.0,0.0,program_accountwhirLbMiicVdio4qvUfM5KAg6Ct8VwpYzGff3uctyCc
RK2D5zVD14ydGrAuZ6CGkhtgR316ppQ9SFQk1C3QNd5,380,56,349.0,6.23,63,154,38,2,63,424.8,424.8,0.0,0.11,0.0,0.0,0.0,1.430327868852459,6044.0,261.6,wallet
EkrznrcYhFH1NYRysbNW5bC1CoxCTt21FJ7SjyesLVue,1,2,0.0,0.0,0,0,0,0,0,0.0,0.0,0.0,0.0,0.0,0.0,0.0,0.0,0.0,0.0,program_accountpAMMBay6oceH9fJKBRHGP5D4bD4sWpmSwMn52FMfXEA
4YiRHbJx1S1XN65cGtgMUJvMC4wfHCtTKfN3w6Kg5R36,8,9,0.0,0.0,0,0,0,0,0,0.0,0.0,0.0,0.0,0.0,0.0,0.0,0.0,0.0,0.0,program_accountpAMMBay6oceH9fJKBRHGP5D4bD4sWpmSwMn52FMfXEA
2tgUbS9UMoQD6GkDZBiqKYCURnGrSb6ocYwRABrSJUvY,0,1,0.0,0.0,0,0,0,0,0,0.0,0.0,0.0,27.13,0.0,0.0,0.0,0.0,0.0,0.0,wallet
9nnLbotNTcUhvbrsA6Mdkx45Sm82G35zo28AqUvjExn8,0,1,0.0,0.0,0,0,0,0,0,0.0,0.0,0.0,9.54,0.0,0.0,0.0,0.0,0.0,0.0,wallet
8okPu3obEisMRVC9YM9Y6e9yZyGQr6ZrBFHQCJqbxBcw,0,1,0.0,0.0,0,0,0,0,0,0.0,0.0,0.0,0.0,0.0,0.0,0.0,0.0,0.0,0.0,program_accountpAMMBay6oceH9fJKBRHGP5D4bD4sWpmSwMn52FMfXEA
GKb1LfJ1kwhdnQxzQtUvxTXBgqEU8qSkq5K5YAjpPhvv,0,2,0.0,0.0,0,0,0,0,0,0.0,0.0,0.0,0.0,0.0,0.0,0.0,0.0,0.0,0.0,program_accountpAMMBay6oceH9fJKBRHGP5D4bD4sWpmSwMn52FMfXEA
Cq1LFaq18towNRqXf1T4ML8N4ajQZKCVEv4ZUTcGek1R,6,7,0.0,0.0,0,0,0,0,0,0.0,0.0,0.0,0.0,0.0,0.0,0.0,0.0,0.0,0.0,program_accountpAMMBay6oceH9fJKBRHGP5D4bD4sWpmSwMn52FMfXEA
3WY9N19nTtPSqrbWTeaFn2HfJ9MfdyLRSrRvy97GnDgY,0,1,0.0,0.0,0,0,0,0,0,0.0,0.0,0.0,0.01,0.0,0.0,0.0,0.0,0.0,0.0,program_accountLBUZKhRxPF3XUpBCjp4YzTKgLccjZhTSDM9YuVaPwxo
A59GmA1WGPUED3xXjYC6GTiVUKNwZqujnB8QCZEm1Gt,21,22,1000.0,45.45,64,621,72,0,0,709.9,709.9,0.0,0.0,0.0,0.0,0.0,1.0,486.05,30.25,program_accountpAMMBay6oceH9fJKBRHGP5D4bD4sWpmSwMn52FMfXEA
FKishUG6nKtZCHRgDt6svg7uAAtCfkvGcdki8HCuU8ey,43,43,1000.0,23.26,64,214,129,0,0,159.1,159.1,0.0,0.0,0.0,0.0,0.0,1.0,1021.51,119.8,program_accountpAMMBay6oceH9fJKBRHGP5D4bD4sWpmSwMn52FMfXEA
D2g8AAUqBzLpX7mxp6yg8v3Psau6hVc2dRLqjuaQXZyP,1,3,0.0,0.0,0,0,0,0,0,0.0,0.0,0.0,0.0,0.0,0.0,0.0,0.0,0.0,0.0,program_accountpAMMBay6oceH9fJKBRHGP5D4bD4sWpmSwMn52FMfXEA
8Bb1GTYLogW4ZBVKyGmcuprPjuppQ2rj8Qu9QNEApA4u,115,18,0.0,0.0,0,0,0,0,0,0.0,0.0,0.0,0.0,0.0,0.0,0.0,0.0,0.0,0.0,wallet
Eo363iwp78iyQ21Bj4RNXy7pdkbBgn7PpgXfQk2z4DWD,20,6,44.0,7.33,44,15,7,2,4,29.1,29.1,0.0,0.16,0.0,0.0,0.0,2.095238095238096,138.06,0.0,wallet
9eAxy6nmSv1ZmNPYqiEoaVDdP1dpzVYvfdyVBSg9bxgA,59,52,1000.0,19.23,55,354,123,1,13,1700.4,1700.4,0.0,0.13,0.0,0.0,0.0,1.9646365422396856,903.27,27.88,wallet
2D4tPW3GVMwCiS5BFpabh9tDzbkZRxgWnk7yjWCf9zyD,6,7,0.0,0.0,0,0,0,0,0,0.0,0.0,0.0,0.01,0.0,0.0,0.0,0.0,0.0,0.0,program_accountLBUZKhRxPF3XUpBCjp4YzTKgLccjZhTSDM9YuVaPwxo
FRfChuMRiXwXw4GvYkfcht1oi3qLBs7D3JBHvUbYC56u,15,16,0.0,0.0,0,0,0,0,0,0.0,0.0,0.0,0.07,0.0,0.0,0.0,0.0,0.0,0.0,wallet
DHQZsQVVE2FdRwkDMXmmK9n2qQjZKtZy1fTKyv7g4i6i,77,72,1000.0,13.89,63,341,113,1,2,2471.0,2471.0,0.0,0.78,0.0,0.0,4000.0,1.7301038062283738,1835.87,303.48,wallet
G4jWDGKsniKifQTxPnuAxe7i193r7jxNigDYFW6RNqD,8,9,0.0,0.0,0,0,0,0,0,0.0,0.0,0.0,12.09,0.0,0.0,0.0,0.0,0.0,0.0,wallet
HH4D2z7SkBtoS2DAwzs1XCwSRWYbk14KNueU1KhmZcEV,0,1,0.0,0.0,0,0,0,0,0,0.0,0.0,0.0,0.0,0.0,0.0,0.0,0.0,0.0,0.0,program_accountpAMMBay6oceH9fJKBRHGP5D4bD4sWpmSwMn52FMfXEA
CUFC1QXnbBtfGNXZ5Earwg7AWEkZkDUEehSNJeGydpgh,104,62,1000.0,16.13,64,389,156,1,4,2749.8,2749.8,0.0,0.07,0.0,0.0,0.0,2.092050209205021,2494.02,276.97,wallet
6YgYX92B8JwRaAThcGUkfnHkv9aZvDwm8PQFbnZ4TvBE,71,26,1000.0,38.46,64,134,36,2,5,171.1,171.1,0.0,0.0,0.0,0.0,0.0,1.5337423312883436,1338.5,98.58,wallet
EdveCrEyXppx98vssgUSoSruXuJVEH8NYp7xq65aVBW3,14,5,0.0,0.0,0,0,0,0,0,0.0,0.0,0.0,0.01,0.0,0.0,0.0,0.0,0.0,0.0,program_accountLBUZKhRxPF3XUpBCjp4YzTKgLccjZhTSDM9YuVaPwxo
46qUWALwafUQsKa8LovaPxTavHn7mG8pgFaKNMm8xXm9,115,48,1000.0,20.83,54,282,103,0,10,303.5,303.5,0.0,0.26,0.0,0.0,22.37,1.0,2618.05,59.03,wallet
5quywfSNAbL1sFQiT5Dyy7MHaA65eFdeQmGhQiTR8FoV,11,12,0.0,0.0,0,0,0,0,0,0.0,0.0,0.0,0.93,0.0,0.0,0.0,0.0,0.0,0.0,wallet
HDhWhQCBrSh9xNWmNtsTi86eWj3yCoEiaRodjgNydo1b,0,1,0.0,0.0,0,0,0,0,0,0.0,0.0,0.0,0.01,0.0,0.0,0.0,0.0,0.0,0.0,program_accountLBUZKhRxPF3XUpBCjp4YzTKgLccjZhTSDM9YuVaPwxo
4Tt1KQR5rtj8P7GHWMDZuCQdbrsc8L9ZStkEdhEVPC8R,30,29,1000.0,34.48,64,263,84,0,1,334.1,334.1,0.0,0.01,0.0,0.0,0.0,7.936507936507937,654.38,114.16,wallet
8QCVZ7KL65pBhUxbvfwbyyg4ronxNAEXbDrGLYLrRNn5,0,1,0.0,0.0,0,0,0,0,0,0.0,0.0,0.0,5785.03,0.0,0.0,130805.6,0.0,0.0,0.0,wallet
EsT7ZcG2zqApdLYvhsiVosZdfidcTD9Qf7E1wo7HbaDm,0,1,0.0,0.0,0,0,0,0,0,0.0,0.0,0.0,0.01,0.0,0.0,0.0,0.0,0.0,0.0,program_accountLBUZKhRxPF3XUpBCjp4YzTKgLccjZhTSDM9YuVaPwxo
DjR81DfUo2VEHb7cRBwGtXXidPg3BsSQFRfqwhYfhQLS,10,12,0.0,0.0,0,0,0,0,0,0.0,0.0,0.0,0.0,0.0,0.0,0.0,0.0,0.0,0.0,program_accountpAMMBay6oceH9fJKBRHGP5D4bD4sWpmSwMn52FMfXEA
Gjbad4gcw1woWS7Qqp8WsipCBR6vh5NgKi5Tiem94dmC,440,15,132.0,8.8,53,54,18,2,2,130.8,130.8,0.0,0.0,0.0,0.08,0.0,1.168141592920354,5503.17,64.8,wallet
GdLs5TSE2vSJ1VyVEP6YUTU3a4GBSqYG6TQGKLQfpVLc,140,49,364.0,7.43,61,159,57,0,2,315.2,315.2,0.0,0.41,0.0,600.0,0.0,1.4,3182.51,463.03,wallet
3hg2AkswMZFxWTmjGiUjqLh9c7MY7aE91RbQkRGXP59X,34,34,1000.0,29.41,64,512,154,0,0,605.3,605.3,0.0,0.0,0.0,0.0,0.0,1.0,769.96,24.88,program_accountpAMMBay6oceH9fJKBRHGP5D4bD4sWpmSwMn52FMfXEA
DZFie8CexqX7PEvavrKoiucyFZUt8LjHAG1TpTnGZWe,22,12,291.0,24.25,59,214,28,0,12,626.1,626.1,0.0,0.0,0.0,0.0,0.0,2.645454545454545,239.77,31.73,wallet
Gr3k2DGNLnFVZqwhvSBE9xLxe4CN1uGtB3RACCbsJH4,0,2,0.0,0.0,0,0,0,0,0,0.0,0.0,0.0,0.0,0.0,0.0,0.0,0.0,0.0,0.0,program_accountpAMMBay6oceH9fJKBRHGP5D4bD4sWpmSwMn52FMfXEA
gNQC8ZksTiogMXKDRDxSHa6W5h6DDBiHYj74mhxtPYL,132,95,1000.0,10.53,61,501,217,0,3,1273.5,1273.5,0.0,0.13,0.0,3352.0,0.0,1.572327044025157,3062.16,332.25,wallet
4sRjm252FQfrnfwZkzVc3JFn8PtLH6dNWxngKWnCyQHZ,35,33,1000.0,30.3,55,330,117,0,18,1120.9,1120.9,0.0,27.23,0.0,0.0,0.0,7.633587786259542,588.29,12.21,wallet
HEcJ2hmgfJvXZsDHXncjsqdQNLgFLHAisTT8s48mZGva,527,12,95.0,7.92,35,54,9,1,14,116.4,116.4,0.0,6.93,0.0,0.0,0.0,1.6666666666666667,281.79,2.42,wallet
GG2s2nr5D5g6BQZo2QWSGSLXtCgxyXwUPVr3EYLAXzar,8,9,0.0,0.0,0,0,0,0,0,0.0,0.0,0.0,0.0,0.0,0.0,0.0,0.0,0.0,0.0,program_accountpAMMBay6oceH9fJKBRHGP5D4bD4sWpmSwMn52FMfXEA
Etuhc6NGoqHvb5c3nSZEX178N1QnDiCSUpC6tRJCw5vc,3,5,0.0,0.0,0,0,0,0,0,0.0,0.0,0.0,0.32,0.0,0.0,0.0,0.0,0.0,0.0,wallet
y48T97pT9f9q9WoXfdts53AoFUi3anE1gGbjTM8gAZZ,1,2,0.0,0.0,0,0,0,0,0,0.0,0.0,0.0,0.0,0.0,0.0,0.0,0.0,0.0,0.0,program_accountpAMMBay6oceH9fJKBRHGP5D4bD4sWpmSwMn52FMfXEA
HY2bdNcWNAvszks5CmmJArgsnAgNvdNmbj18hjp1KDBt,18,19,1000.0,52.63,64,364,116,0,0,274.0,274.0,0.0,0.0,0.0,0.0,0.0,1.0,418.87,7.12,program_accountpAMMBay6oceH9fJKBRHGP5D4bD4sWpmSwMn52FMfXEA
8fDQKjeYQ12oJ4NxyMEyxYixBTkXqdos48jCtNqXepxQ,69,53,1000.0,18.87,31,290,99,0,18,1753.9,1753.9,0.0,0.32,0.0,0.0,0.0,1.6366612111292962,1210.9,38.64,wallet
9ijYdeb3e1s14nY8VvoVenefaR6rnv94XUFZit7MvDaw,32,12,0.0,0.0,0,0,0,0,0,0.0,0.0,0.0,0.0,0.0,0.0,0.0,0.0,0.0,0.0,unknown
5yw7RteoSYJ1Y4rp9hwNyj3NoxB3S72ws9bMNw9qAUqd,2,3,0.0,0.0,0,0,0,0,0,0.0,0.0,0.0,0.01,0.0,0.0,0.0,0.0,0.0,0.0,program_accountLBUZKhRxPF3XUpBCjp4YzTKgLccjZhTSDM9YuVaPwxo
GcDQjXZBTUAD93KuucoVj3okgGxrSgDxps7AsSZFGx9M,32,8,0.0,0.0,0,0,0,0,0,0.0,0.0,0.0,0.01,0.0,0.0,0.0,0.0,0.0,0.0,program_accountLBUZKhRxPF3XUpBCjp4YzTKgLccjZhTSDM9YuVaPwxo
EGzeSwPoQH9AfVQamR4XY3rPQ6NmbxD8GEWxNmFu9iLN,53,53,1000.0,18.87,63,419,89,0,0,660.3,660.3,0.0,0.0,0.0,0.0,0.0,1.0,1101.13,33.28,program_accountpAMMBay6oceH9fJKBRHGP5D4bD4sWpmSwMn52FMfXEA
BVRbyLjjfSBcoyiYFuxbgKYnWuiFaF9CSXEa5vdSZ9Hh,0,1,0.0,0.0,0,0,0,0,0,0.0,0.0,0.0,0.01,0.0,0.0,822870.1,0.0,0.0,0.0,program_accountLBUZKhRxPF3XUpBCjp4YzTKgLccjZhTSDM9YuVaPwxo
6E5qup7vjuYWCqvanDbzPd7snowmUVeXMf1jnHjrqZWe,358,7,30.0,4.29,55,15,15,0,1,169.3,169.3,0.0,0.58,0.0,0.0,0.0,1.5789473684210529,1045.7,310.26,wallet
FpD6n8gfoZNxyAN6QqNH4TFQdV9vZEgcv5W4H2YL8k4X,2,4,0.0,0.0,0,0,0,0,0,0.0,0.0,0.0,38.23,0.0,0.0,27.0,0.0,0.0,0.0,wallet
928HvrAk5YVgksEP87KixnkhqjXTcagYYmZfZzSgLq8T,75,43,1000.0,23.26,37,257,93,0,17,2399.6,2399.6,0.0,1.93,0.0,0.0,54.83,2.247191011235955,1627.34,83.93,wallet
3ddPeyvKaA45p6eXWyx2id676EuhycriGRMpF3cJ91DU,319,30,248.0,8.27,37,93,41,1,13,249.4,249.4,0.0,0.06,0.0,0.0,0.0,2.2545454545454544,6876.46,0.98,wallet
HvMo5k7e5iqBeTJxawPasb4tjR58cEp8sbc8tBgkJ7ij,34,13,0.0,0.0,0,0,0,0,0,0.0,0.0,0.0,0.01,0.0,0.0,0.0,0.0,0.0,0.0,program_accountCAMMCzo5YL8w4VFF8KVHrK22GGUsp5VTaW7grrKgrWqK
3iUT1oAAUSqKeHAjkumZJbptihy2yN7AwFij2CrsUZVC,0,2,0.0,0.0,0,0,0,0,0,0.0,0.0,0.0,0.0,0.0,0.0,0.0,0.0,0.0,0.0,program_accountpAMMBay6oceH9fJKBRHGP5D4bD4sWpmSwMn52FMfXEA
HjLWptY7YrUV5Nzqruoo5zKmBrRwEXgsNckZW3QAQ58x,38,38,1000.0,26.32,38,227,84,6,65,1716.7,1716.7,0.0,0.1,0.0,0.0,0.0,1.485884101040119,759.95,236.93,wallet
6qs6RBvKxaw1ncWrXyiZt4RCju8w2RWe3vY1WFVK5wuH,0,1,0.0,0.0,0,0,0,0,0,0.0,0.0,0.0,0.01,0.0,0.0,0.0,0.0,0.0,0.0,program_accountLBUZKhRxPF3XUpBCjp4YzTKgLccjZhTSDM9YuVaPwxo
8EB971nmreKToxtvatVDc6WkK8qAhNomKHfmh1UpeT6p,74,70,1000.0,14.29,64,451,100,0,0,483.1,483.1,0.0,0.0,0.0,0.0,0.0,1.0,1747.28,48.78,program_accountpAMMBay6oceH9fJKBRHGP5D4bD4sWpmSwMn52FMfXEA
GjwuFPHMA3BLSM3PgLCZWfp77jD2kXFaQXc5wyNSmUeX,8,1,7.0,7.0,22,3,0,0,3,39.5,39.5,0.0,0.5,0.0,0.0,0.0,1.1666666666666667,0.0,0.0,wallet
HTvjzsfX3yU6BUodCjZ5vZkUrAxMDTrBs3CJaq43ashR,0,1,0.0,0.0,0,0,0,0,0,0.0,0.0,0.0,0.56,0.0,0.0,72623.05,0.0,0.0,0.0,program_accountLBUZKhRxPF3XUpBCjp4YzTKgLccjZhTSDM9YuVaPwxo
4jYrRtngb8zoWaziiUsoWRiAKa8b5D9p9rw3wEqm8hDk,34,29,1000.0,34.48,54,332,218,0,0,5759.4,5759.4,0.0,0.0,0.0,0.0,0.0,1.0,542.85,11.82,program_accountpAMMBay6oceH9fJKBRHGP5D4bD4sWpmSwMn52FMfXEA
9Wn55qnBUqxWFkSmmaw8XDy3K7wQrsLE3HJq6SVWu6mr,230,8,0.0,0.0,0,0,0,0,0,0.0,0.0,0.0,0.0,0.0,0.0,0.0,0.0,0.0,0.0,unknown
98UrLkpSyPGgWXMz97TXtNLhJayJHJB5wD6hXwbr5Rm6,1,3,0.0,0.0,0,0,0,0,0,0.0,0.0,0.0,43.86,0.0,0.0,0.0,0.0,0.0,0.0,wallet
GrB9qcrcsTX5SJmuwoCCviToQJLJosQWM5eoNUgNP3HY,122,1,0.0,0.0,0,0,0,0,0,0.0,0.0,0.0,0.0,0.0,0.0,0.0,0.0,0.0,0.0,wallet
C3PhJTs5oxWJeu1kdowfJqKZD7WNrTiRLu1gQR4mCzUC,79,42,1000.0,23.81,62,423,69,0,0,3720.5,3720.5,0.0,0.0,0.0,0.0,0.0,1.0,1612.86,13.47,program_accountpAMMBay6oceH9fJKBRHGP5D4bD4sWpmSwMn52FMfXEA
87rnDus5b7ueUr1i3eaFBvHFQfFkbmLKBo7GEDCV2cxV,215,51,458.0,8.98,56,66,25,1,5,1298.0,1298.0,0.0,1.19,0.0,0.0,0.0,1.1743589743589744,1757.88,43.71,wallet
Bz1v7B9nZHfZn8MUX4HZyyh4M2vMEF23qfjRZvw9rDmA,96,24,1000.0,41.67,59,291,45,0,0,219.3,219.3,0.0,0.0,0.0,0.0,0.0,1.0,927.14,13.44,program_accountpAMMBay6oceH9fJKBRHGP5D4bD4sWpmSwMn52FMfXEA
6ufF1rbtwx2HCXyBqPFxcQLgBKu8z51pSnyghr2CcbjN,79,9,180.0,20.0,36,52,16,0,10,135.8,135.8,0.0,0.0,0.0,0.0,0.0,1.5789473684210529,1854.68,166.38,unknown
23XcWM2E2wFnN6gEq3Y2kBz5m6vecwwjePL34fENPRue,7,8,0.0,0.0,0,0,0,0,0,0.0,0.0,0.0,0.01,0.0,0.0,0.0,0.0,0.0,0.0,program_accountLBUZKhRxPF3XUpBCjp4YzTKgLccjZhTSDM9YuVaPwxo
FEH5GURPv3FrKnQfyV2PRts1qjzsDto6ex8yPDNCz7zC,9,10,0.0,0.0,0,0,0,0,0,0.0,0.0,0.0,0.0,0.0,0.0,0.0,0.0,0.0,0.0,program_accountpAMMBay6oceH9fJKBRHGP5D4bD4sWpmSwMn52FMfXEA
HnonKKKnibqgRs2cD1TTwZJPwRsxGACuxMaPrW4zAGvY,245,95,1000.0,10.53,64,192,205,3,173,700.6,700.6,0.0,0.04,0.0,0.0,0.0,1.3550135501355014,5178.17,165.98,wallet
BKXWSPeUCxLtrNnMy2by3gdC7qMdPmdADPS4K5CneJZq,9,10,0.0,0.0,0,0,0,0,0,0.0,0.0,0.0,0.01,0.0,0.0,0.0,0.0,0.0,0.0,program_accountLBUZKhRxPF3XUpBCjp4YzTKgLccjZhTSDM9YuVaPwxo
26ewxbo1JzcHBwC42xvH3GSy1gj7C4sv2U6gPGgiVNFC,216,40,230.0,5.75,46,49,15,0,1,245.8,245.8,0.0,18.26,0.0,0.0,5407.32,1.0,4991.07,788.98,wallet
HpVs78u3kK4NxYa9E2KXVhxD5gKWXfMTMzPf9NMYgvXh,64,58,1000.0,17.24,62,302,104,0,13,793.3,793.3,0.0,3.5,0.0,0.0,0.05,1.845018450184502,1276.19,44.35,wallet
G2MejmimcpzfApYFDZbTJvESaAaYwENY24miEn89UL3u,26,28,1000.0,35.71,64,452,88,0,0,610.7,610.7,0.0,0.0,0.0,0.0,0.0,1.0,582.33,35.57,program_accountpAMMBay6oceH9fJKBRHGP5D4bD4sWpmSwMn52FMfXEA
CcYbXbMHr2o9Vyz2wmJcRvi59wh42xkXf6qrzChbHPN5,0,1,0.0,0.0,0,0,0,0,0,0.0,0.0,0.0,0.02,0.0,0.0,0.0,0.0,0.0,0.0,program_accountpAMMBay6oceH9fJKBRHGP5D4bD4sWpmSwMn52FMfXEA
4GQeEya6ZTwvXre4Br6ZfDyfe2WQMkcDz2QbkJZazVqS,0,1,0.0,0.0,0,0,0,0,0,0.0,0.0,0.0,49.12,0.0,0.0,3270185.05,0.0,0.0,0.0,wallet
AZQHL6CQFZoKonM5ZpQQxdg71bhEf2bhRMcB5uhFo5ka,11,12,0.0,0.0,0,0,0,0,0,0.0,0.0,0.0,0.01,0.0,0.0,0.0,0.0,0.0,0.0,program_accountLBUZKhRxPF3XUpBCjp4YzTKgLccjZhTSDM9YuVaPwxo
BTf4A2exGK9BCVDNzy65b9dUzXgMqB4weVkvTMFQsadd,1,2,0.0,0.0,0,0,0,0,0,0.0,0.0,0.0,277.53,0.0,0.0,8990.25,0.0,0.0,0.0,wallet
DSSA7dRkM2gTHxDVfTKwPvpVcqWP1G2gydLXd1twFWWh,5,7,0.0,0.0,0,0,0,0,0,0.0,0.0,0.0,0.0,0.0,0.0,0.0,0.0,0.0,0.0,program_accountpAMMBay6oceH9fJKBRHGP5D4bD4sWpmSwMn52FMfXEA
C14MB9NQDPefm3n9fYrm9o4Dg96gWDbRX675VFGg4Qu9,46,47,992.0,21.11,64,251,30,0,20,323.9,323.9,0.0,0.01,0.0,0.0,0.0,3.3627118644067795,1042.26,189.61,wallet
xm4dC6XCRH4MWUXCNNZ1MqYm8jZjnabV4BHS7Eyoj29,0,1,0.0,0.0,0,0,0,0,0,0.0,0.0,0.0,467.06,0.0,0.0,256000.12,0.0,0.0,0.0,wallet
rZ2jVVJGwdgDKqpzGrwJeJj289uGRJKkpxMHgea9MPb,122,1,0.0,0.0,0,0,0,0,0,0.0,0.0,0.0,0.0,0.0,0.0,0.0,0.0,0.0,0.0,wallet
Fb5fmvXgVYafs9Nns9nto85coCh2jaZaRP2MbkeEHKiJ,334,20,154.0,7.7,61,78,16,1,9,490.2,490.2,0.0,0.01,0.0,0.0,0.0,1.6210526315789473,6252.03,397.09,wallet
B9XFhBRQxHPA6BXwRK1QbMazMW3pptrxg6QXZrAxjMQH,11,8,40.0,5.0,33,10,9,1,2,25.3,25.3,0.0,0.05,0.0,0.0,0.0,5.0,90.59,0.34,wallet
YkYHDgjc9dtZYTeLC8n36o9SCDV4J3LVi4yMQzamfF7,6,5,39.0,7.8,35,11,2,0,2,43.1,43.1,0.0,0.01,0.0,0.0,0.0,1.21875,14.59,0.0,wallet
26YywzECww1v3DxgmczcLcFM4YLmymcGXfpVLzRwiytH,119,63,999.0,15.86,53,189,83,1,24,446.3,446.3,0.0,0.0,0.0,0.0,0.0,1.6567164179104477,1549.06,33.42,unknown
Ahqss9VYLtax2TS5tAkNPER88mJTZLhCwkGh42VK4j2w,15,16,0.0,0.0,0,0,0,0,0,0.0,0.0,0.0,0.0,0.0,0.0,0.0,0.0,0.0,0.0,program_accountpAMMBay6oceH9fJKBRHGP5D4bD4sWpmSwMn52FMfXEA
Bb7TrRdSTDDDsn8gi8tr861w7zvF4cUrq7pctNW5suTz,28,13,285.0,21.92,51,78,5,0,6,425.2,425.2,0.0,0.0,0.0,0.0,0.0,5.089285714285714,260.83,144.04,unknown
47AtrkVnkER4Gdn8P6MFMB7cgNBurrjV5UzuYb3hcqde,21,22,992.0,45.09,64,420,92,0,0,536.5,536.5,0.0,0.0,0.0,0.0,0.0,1.0,509.48,48.71,program_accountpAMMBay6oceH9fJKBRHGP5D4bD4sWpmSwMn52FMfXEA
A6dYYtMBrF2YK7bzvvtJuaL6i48LsuZhcVqEtHseG9m4,24,11,288.0,26.18,60,124,38,1,8,1286.9,1286.9,0.0,0.0,0.0,0.0,0.0,3.74025974025974,220.34,6.82,unknown
47B9ygnf4F1dZ9NAQ2E45WJA3r4fhfxVRAR8ymcgWT1x,73,74,997.0,13.47,64,325,145,0,0,341.9,341.9,0.0,0.0,0.0,0.0,0.0,1.0,1725.18,108.08,program_accountpAMMBay6oceH9fJKBRHGP5D4bD4sWpmSwMn52FMfXEA
BobpkBwxVWxxih6LBiAQdBYgrwYBqwRBokhCtB2sWm5R,44,40,989.0,24.73,61,439,96,0,0,660.7,660.7,0.0,0.0,0.0,0.0,0.0,1.0,960.64,35.97,program_accountpAMMBay6oceH9fJKBRHGP5D4bD4sWpmSwMn52FMfXEA
GoGoodwJtPWPJRgSXBeDyru4bCkYjYf3P3ZHzYBhQetj,0,2,0.0,0.0,0,0,0,0,0,0.0,0.0,0.0,0.56,0.0,0.0,0.0,0.0,0.0,0.0,wallet
8GZoo6cZv7TYFQwK7Noa8jMcrUBX6XChNJWLR9bjXvvz,72,6,0.0,0.0,0,0,0,0,0,0.0,0.0,0.0,0.01,0.0,0.0,0.0,0.0,0.0,0.0,program_accountLBUZKhRxPF3XUpBCjp4YzTKgLccjZhTSDM9YuVaPwxo
D7m1R31XgiL3QXwGuUSsAwFE5Jupwtaa19WucjBcCuJE,17,8,0.0,0.0,0,0,0,0,0,0.0,0.0,0.0,0.04,0.0,0.0,0.0,0.0,0.0,0.0,wallet
DzTF9ZRoxngabYgXCrsNiuwTy4imkmrW6mQ621mUoZPi,16,6,0.0,0.0,0,0,0,0,0,0.0,0.0,0.0,0.01,0.0,0.0,0.0,0.0,0.0,0.0,program_accountLBUZKhRxPF3XUpBCjp4YzTKgLccjZhTSDM9YuVaPwxo
HnevmScgdp6j3yJtE9QLH7k8K5pbu17dPrtFzBeWuPo3,41,6,52.0,8.67,55,39,5,0,2,145.5,145.5,0.0,0.02,0.0,0.0,0.0,2.736842105263158,495.13,0.67,wallet
4kSiZG86pbb5HUwVbptacSCoph11uhedxEadvskkahat,87,60,1000.0,16.67,62,287,111,0,0,519.9,519.9,0.0,0.05,0.0,0.0,0.0,1.3071895424836601,1907.49,94.98,wallet
8tqrsGXKrE9t7immN15NkJmVSFZpmjtP4kxS6TB7icha,82,71,994.0,14.0,64,407,85,0,0,906.8,906.8,0.0,0.0,0.0,0.0,0.0,1.0,1929.68,125.37,program_accountpAMMBay6oceH9fJKBRHGP5D4bD4sWpmSwMn52FMfXEA
7JCEUhSEqbpX9tK8psVGzeCQkgmYdz2B9qbobKWh96qu,357,79,990.0,12.53,26,366,143,0,5,1212.0,1212.0,0.0,0.01,0.0,0.0,0.0,1.9565217391304348,2704.46,91.32,wallet
ubmWWWUQHQXdXBgZBWqkMjv7E6EJHXerfjJCyZjY5mr,84,30,898.0,29.93,48,154,6,1,7,1546.7,1546.7,0.0,0.0,0.0,0.0,0.0,1.3965785381026439,618.21,212.34,unknown
J6vWutg3jkyjL67w7Qqzp24L2JpzKryKzzJAy26nwKHo,5,7,0.0,0.0,0,0,0,0,0,0.0,0.0,0.0,0.0,0.0,0.0,0.0,0.0,0.0,0.0,program_accountpAMMBay6oceH9fJKBRHGP5D4bD4sWpmSwMn52FMfXEA
AvsfiHLZHJk6LLVPLRVdez9JvpV7BPGNpgh5qYsbmTP1,36,37,998.0,26.97,64,433,94,0,0,486.4,486.4,0.0,0.0,0.0,0.0,0.0,1.0,873.27,57.75,program_accountpAMMBay6oceH9fJKBRHGP5D4bD4sWpmSwMn52FMfXEA
7WnzeCQyPpiTEyUewtHmQBUmCXdvYhAzuxLa5Re4i63D,702,77,926.0,12.03,63,175,67,1,15,239.2,239.2,0.0,0.0,0.0,154.22,0.0,1.6476868327402134,12618.19,468.52,wallet
