source,destination,amount,usdamount
13QDfBPnX4YGSZCRenTDtCrbz8Yj7Pa9sotz4fFMEnE3,C8XzHPYLiy6X8qDhe5cBocLEUEs4hdYDCha9i6Ex75Y3,35551.899999999994,0.0
234DBZCyPTWR67mHcTR1trVSJSuccuTQYqqvNCJfqy3j,5SDrsMNTYdhmApjfqYHDvjoW92f2S42vcc7zNDVcQ9Ej,10291.8,0.0
28nEwK2nGGNkedEQLgPAjTjc7fVsVuyr7CZftta2j1ZU,5SDrsMNTYdhmApjfqYHDvjoW92f2S42vcc7zNDVcQ9Ej,725824.9,0.0
29VrnNVP2Xrz4q8jurWvQ9RnXtQcookGgjn4ULhUYDEj,5bJcc9eb2XE7mqcET2xDuAdMGuXWybb4YPmAHLjKLhQG,4.6,0.0
2Y4Y1zyg4XHFpCbJSG6LvnFV7YrbRsd7ws67vfaXqjUX,5bJcc9eb2XE7mqcET2xDuAdMGuXWybb4YPmAHLjKLhQG,3.0,0.0
2eE14nwywufw7c3PAWrZbaz4xkH8qksHzmSvcZeUjCvg,41WaRmN8ETJQB8vf9qQkYdZZicidmPoMZDM9zkhDWhG5,-2.3,8977.0
2pHoGqp3t5WxodG3BKsetrjUwbAeWgNr8zGZScPwvAdi,C68a6RCGLiPskbPYtAcsCjhG8tfTWYcoB4JjCrXFdqyo,0.0,500000.0
2qPeF8TFuZ2yxdVgHgKPHi4YfnhH2Ta2XC1mj7QmFuxT,5SDrsMNTYdhmApjfqYHDvjoW92f2S42vcc7zNDVcQ9Ej,2.3,0.0
2z54GZAALKjmdFoHTQ7WVAHwS3BfRm14sYG7uaesw8JB,C68a6RCGLiPskbPYtAcsCjhG8tfTWYcoB4JjCrXFdqyo,0.0,24.0
2z54GZAALKjmdFoHTQ7WVAHwS3BfRm14sYG7uaesw8JB,is6MTRHEgyFLNTfYcuV4QBWLjrZBfmhVNYR6ccgr8KV,3.2,0.0
3GdZmwrii47ZM5GpaxXuyotV8SS3Fi6cKCuvDL9pWW2U,6QJzieMYfp7yr3EdrePaQoG3Ghxs2wM98xSLRu8Xh56U,154542.0,0.0
3Ggc7xeDCJ8Zn3mQaBanFR2cm9pzKcw6BdDpGccsYqxh,5bJcc9eb2XE7mqcET2xDuAdMGuXWybb4YPmAHLjKLhQG,2.3,0.0
3gdwEZeivP5dYmSw9SnE335V5dgZsyVRxTdFMMTBKW2u,6QJzieMYfp7yr3EdrePaQoG3Ghxs2wM98xSLRu8Xh56U,723952.4,0.0
3gdwEZeivP5dYmSw9SnE335V5dgZsyVRxTdFMMTBKW2u,HXsKP7wrBWaQ8T2Vtjry3Nj3oUgwYcqq9vrHDM12G664,607578.0,0.0
3s3rasd15JWWEiMAYgJAMrs3EmkBT1xgLFSwgAWjGCsv,8nTuaAuUAKV7YSg57oEgpT1hMSrmKekhzBcYiEhQagEw,21296.000000000004,0.0
3ukaCEybd2DceyRaLpq26MfDUR4jKts5L2LiMrykhWf5,C68a6RCGLiPskbPYtAcsCjhG8tfTWYcoB4JjCrXFdqyo,0.0,85.0
41WaRmN8ETJQB8vf9qQkYdZZicidmPoMZDM9zkhDWhG5,2eE14nwywufw7c3PAWrZbaz4xkH8qksHzmSvcZeUjCvg,4.6,-8977.0
44P5Ct5JkPz76Rs2K6juC65zXMpFRDrHatxcASJ4Dyra,4xLpwxgYuPwPvtQjE94RLS4WZ4aD8NJYYKr2AJk99Qdg,102368.5,0.0
4Eyrto116qgVtZb93Ji7X83Vburnk1tHMHSuDPDR2Yrn,5SDrsMNTYdhmApjfqYHDvjoW92f2S42vcc7zNDVcQ9Ej,3.1,0.0
4NKstxny14e23oFAGgS4gnS2FNbUzdhLkALHbha8dC9T,5SDrsMNTYdhmApjfqYHDvjoW92f2S42vcc7zNDVcQ9Ej,89249.0,0.0
4NyK1AdJBNbgaJ9EsKz3J4rfeHsuYdjkTPg3JaNdLeFw,4xLpwxgYuPwPvtQjE94RLS4WZ4aD8NJYYKr2AJk99Qdg,43104.8,0.0
4TJs5pjy8HajUxuBh15mFUqFPtpb2HjUhmoyg3icKp9v,5SDrsMNTYdhmApjfqYHDvjoW92f2S42vcc7zNDVcQ9Ej,3.1,0.0
4XL91YChSvBzinXEr9R1KfLnx3btcgceWdib6jUR9qdg,44P5Ct5JkPz76Rs2K6juC65zXMpFRDrHatxcASJ4Dyra,53403.6,0.0
4XL91YChSvBzinXEr9R1KfLnx3btcgceWdib6jUR9qdg,9D8xSHWqF9NJWqCtn3rNxYEox63aCbWxYzTMfMur7Cc9,358.1,0.0
4XL91YChSvBzinXEr9R1KfLnx3btcgceWdib6jUR9qdg,C8XzHPYLiy6X8qDhe5cBocLEUEs4hdYDCha9i6Ex75Y3,121869.0,0.0
4XL91YChSvBzinXEr9R1KfLnx3btcgceWdib6jUR9qdg,DTXT9C12yenGVvwZ92gf8tHgggB3TfXQd4RrTMtveuY6,66066.0,0.0
4XL91YChSvBzinXEr9R1KfLnx3btcgceWdib6jUR9qdg,DsbokKhNrxStmHaDCUWPE8mSnwWiTBCvxNRSqopidknf,229459.00000000003,0.0
4XL91YChSvBzinXEr9R1KfLnx3btcgceWdib6jUR9qdg,EMXJqHznGSnSzeMyigBGQNEFw4EeaNDbj1UwaFTpp3sg,170000.0,0.0
4a2eTcwNdVVpx3A7PkWKPCTL4GDCGWnC2fQLDrkFg4zb,5SDrsMNTYdhmApjfqYHDvjoW92f2S42vcc7zNDVcQ9Ej,1773.0,0.0
4a4sCaPmh575K3DJF8B5yw3snSZrRnu8CwpDqTH43fZT,C68a6RCGLiPskbPYtAcsCjhG8tfTWYcoB4JjCrXFdqyo,0.0,181.0
4cm5F1aLcknke6ev8VWQnoeqSxiqXGzCwcVKA7HDmUJ1,C68a6RCGLiPskbPYtAcsCjhG8tfTWYcoB4JjCrXFdqyo,0.0,50.0
4g2Ak3WJpQmZBKPWzUXMYRGGbPxTje7yR1kpt11VgzjQ,5bJcc9eb2XE7mqcET2xDuAdMGuXWybb4YPmAHLjKLhQG,2.7,0.0
4gcPdYHPFqXFuTbhSPw768xk1nSmWqzoosVowb3pqjAF,C68a6RCGLiPskbPYtAcsCjhG8tfTWYcoB4JjCrXFdqyo,0.0,26.0
4m3FL4qWRBjUMt4d9mNhWGU7msQjdFZyDKTKYAeTgvVW,5SDrsMNTYdhmApjfqYHDvjoW92f2S42vcc7zNDVcQ9Ej,52845.20000000001,0.0
4sDTRvrMaRVBgSjZub4HkbWdALWzeKpRt7yAQ4nHbYMv,5bJcc9eb2XE7mqcET2xDuAdMGuXWybb4YPmAHLjKLhQG,2.7,0.0
5LQ2KrcpgdaEW93jx99iB4N2ny7BknthgSHnT8kdCdcc,C68a6RCGLiPskbPYtAcsCjhG8tfTWYcoB4JjCrXFdqyo,0.0,50000.0
5rnu2ZVwXc1hzJrxH4uUqcyETmJCu9U1ibD26h3wtCqR,C8XzHPYLiy6X8qDhe5cBocLEUEs4hdYDCha9i6Ex75Y3,109.2,0.0
5sDo2gLbEDURhnqCsaZbhedgckYsaEnAMFgdgbGMQ9ej,28nYGHJyUVcVdxZtzKByBXEj127XnrUkrE3VaGuWj1ZU,1009415.8,0.0
5ycPDUBh4t2S5rqHrShC81LNk1B4AYj6yDC9GjWndNUa,5bJcc9eb2XE7mqcET2xDuAdMGuXWybb4YPmAHLjKLhQG,2.4,0.0
5yx5BTGQNYwEwJjehkmmdasfK52koNGNahEpbXCtXRx4,5bJcc9eb2XE7mqcET2xDuAdMGuXWybb4YPmAHLjKLhQG,2.7,0.0
62sp3W9PSivsDJNm5MyS1RSDSjE45A6rD73L3QA5BLk5,C68a6RCGLiPskbPYtAcsCjhG8tfTWYcoB4JjCrXFdqyo,0.0,26.0
642A1UKRJwmP4cU6YZWEFbxVQNgw2QdyeQUdPNYtJHW5,G9RCBaYb8aBRxoe8QBC2ucGrVqjuZFysRhY8d56cnNT1,2.4,0.0
64CuV85HHCydAwxQMoXwZ9HXoyw5qE65NkiJxCtuFErF,C68a6RCGLiPskbPYtAcsCjhG8tfTWYcoB4JjCrXFdqyo,0.0,124889.0
6CAhC9XsPofT9vtJkkT8stNyWfmipnVPbG9v2wwKKdJF,C8XzHPYLiy6X8qDhe5cBocLEUEs4hdYDCha9i6Ex75Y3,24754.4,0.0
6JfMvhzQxpZJVFAgJRVGwzZF9ZLGQV4kHBS57c8C29DF,5bJcc9eb2XE7mqcET2xDuAdMGuXWybb4YPmAHLjKLhQG,2.3,0.0
6QJR2oX3YJyKbzBERzS4ZhwSjyMCTEwT6pq9nknhH56u,3gd3dqgtJ4jWfBfLYTX67DALFetjc5iS72sCgRhCkW2u,888592.0,0.0
6QJvyBYND3YzcV45tuiH9tn2zBWrKrqEQy6gEqbeH56u,3gd3dqgtJ4jWfBfLYTX67DALFetjc5iS72sCgRhCkW2u,521191.80000000005,0.0
6RyFiXGwqUSYT53w6yFx5g1gMUVuuJwwRmbMVoGC4scy,C68a6RCGLiPskbPYtAcsCjhG8tfTWYcoB4JjCrXFdqyo,0.0,540.0
6SALyxvyLaD1h5NX9TrUHSHUVZYDqfDAsjmnNgwALkqU,BY4StcU9Y2BpgH8quZzorg31EGE4L1rjomN8FNsCBEcx,27.5,0.0
6iy7TzpJNobK7CK5CFbHs7dXAqf8dyKwQWMEiArZqQA6,is6MTRHEgyFLNTfYcuV4QBWLjrZBfmhVNYR6ccgr8KV,36.3,0.0
6qjtGFAqtJBPartUV2jKG1oCePyxanqJMGMQ6KZms56u,3gd3dqgtJ4jWfBfLYTX67DALFetjc5iS72sCgRhCkW2u,309084.0,0.0
6x9RotoWs2L21dDmEGGJNLAcEUnsAPJgmCpXE6cV4DNP,C68a6RCGLiPskbPYtAcsCjhG8tfTWYcoB4JjCrXFdqyo,0.0,463.0
7778L6qSdPgddf6ppVp1CbWzUbBu2V7d5FoFePa726uu,3gd3dqgtJ4jWfBfLYTX67DALFetjc5iS72sCgRhCkW2u,9.0,0.0
79VFZ94ZMuSejC9TVp6GUyXquoRaevda7a4KHKGkqbCy,5bJcc9eb2XE7mqcET2xDuAdMGuXWybb4YPmAHLjKLhQG,2.3,0.0
79fyJf6o82k49hQCoFxPnMrRFV1W1ioJ3kjBWHqe2ngL,5bJcc9eb2XE7mqcET2xDuAdMGuXWybb4YPmAHLjKLhQG,3.0,0.0
7NpC9bvJ2amaA2LzvxhRcv7qcao2cyNA3VRHA15Ti7Pv,C68a6RCGLiPskbPYtAcsCjhG8tfTWYcoB4JjCrXFdqyo,0.0,141.0
7NpC9bvJ2amaA2LzvxhRcv7qcao2cyNA3VRHA15Ti7Pv,is6MTRHEgyFLNTfYcuV4QBWLjrZBfmhVNYR6ccgr8KV,18.1,0.0
7UzY4w12kDpDrnyQ8BEqWHBxC3RUxRVCQ2KpYMkDDuDs,C68a6RCGLiPskbPYtAcsCjhG8tfTWYcoB4JjCrXFdqyo,0.0,1500.0
7UzY4w12kDpDrnyQ8BEqWHBxC3RUxRVCQ2KpYMkDDuDs,is6MTRHEgyFLNTfYcuV4QBWLjrZBfmhVNYR6ccgr8KV,35.800000000000004,0.0
7i2VLxJjRvnnyiJWcer6qFhby36BZgXG9cAt3BVEaipX,i57ExrKB2i4mSgjSuq2xz617mQXmu33WG2WEYypmdvX,3.1,0.0
7iSQpm9zLbVmdKvCaDJsQcbpATqj9Jde9ypmMvWSPKnU,6QJzieMYfp7yr3EdrePaQoG3Ghxs2wM98xSLRu8Xh56U,0.0,155.0
8BRrm2VDGY5Rcp53LhEwVeqn7Vr3ZW8BJ8AocTDAMrDn,5bJcc9eb2XE7mqcET2xDuAdMGuXWybb4YPmAHLjKLhQG,4.4,0.0
8c6JxgSdm2teDaa9DjFkT5Wq85ecMqDZkrSPs6z6ob8W,C8XzHPYLiy6X8qDhe5cBocLEUEs4hdYDCha9i6Ex75Y3,75.0,0.0
8nTuaAuUAKV7YSg57oEgpT1hMSrmKekhzBcYiEhQagEw,C8XzHPYLiy6X8qDhe5cBocLEUEs4hdYDCha9i6Ex75Y3,45924.00000000001,0.0
8wM44Ryv9DFCSfkgUnPEPgnsc53arT4cnmXL6LnnC4UW,C68a6RCGLiPskbPYtAcsCjhG8tfTWYcoB4JjCrXFdqyo,0.0,13.0
9D8xSHWqF9NJWqCtn3rNxYEox63aCbWxYzTMfMur7Cc9,4xLpwxgYuPwPvtQjE94RLS4WZ4aD8NJYYKr2AJk99Qdg,58840.6,0.0
9EKMLQyEWpuhTgcvYD9i6nvym65ipd3bBKhgsN5UUiRo,ASTyfSima4LLAdDgoFGkgqoKowG1LZFDr9fAQrg7iaJZ,2.5,0.0
9RYYyHDVQH79Rsn9rnTCDUmcsKKsdggKCCCCjPvxFCxk,C8XzHPYLiy6X8qDhe5cBocLEUEs4hdYDCha9i6Ex75Y3,2209.5000000000005,0.0
9VL46eDXZfGNgqjjeTDkW3xAAA22eM63ncurCjofGxrH,4xLpwxgYuPwPvtQjE94RLS4WZ4aD8NJYYKr2AJk99Qdg,746150.0,0.0
9VgQqvmare72Lq9vzx7bCV4ykG36Pk1foRos2psVBbCE,BY4StcU9Y2BpgH8quZzorg31EGE4L1rjomN8FNsCBEcx,10.5,0.0
9XrDEcEK2yg3TfV9bTXM3uduYwFyQ98LGay9T7adTi8R,C68a6RCGLiPskbPYtAcsCjhG8tfTWYcoB4JjCrXFdqyo,0.0,545.0
9isrZBGb9CWU79466DCUxN25iH7krrLRei5niqvH5WxU,C68a6RCGLiPskbPYtAcsCjhG8tfTWYcoB4JjCrXFdqyo,0.0,861.0
9ts8iY9bycCRyUsyVmtDS3JdFCjFB9jsmqcEpRBLDzoP,DTXT9C12yenGVvwZ92gf8tHgggB3TfXQd4RrTMtveuY6,6.000000000000001,0.0
9vYDQ2rD7Wcg9nynyGsVMWytGM58erMBrDbVFFaDxKt9,G9RCBaYb8aBRxoe8QBC2ucGrVqjuZFysRhY8d56cnNT1,2.8,0.0
9wK58sqcABaCmVVaHBHZgLBqsUWPtbwyUfgZxNoBsGzS,DTXT9C12yenGVvwZ92gf8tHgggB3TfXQd4RrTMtveuY6,6.1,0.0
9zCSR8WzDB9TjxvZPRQakpGLSZaw8tAjvzLLXybyANdU,5SDrsMNTYdhmApjfqYHDvjoW92f2S42vcc7zNDVcQ9Ej,6512.0,0.0
A5if4qGaQidpiXxu3YS3PfYzHDCMd9VaJc5bmM3zM1B1,5bJcc9eb2XE7mqcET2xDuAdMGuXWybb4YPmAHLjKLhQG,3.5,0.0
ABZ1TnspWLMuSmwXHX8fv9ALpuW3vSjggVrXPe2x78Qm,G9RCBaYb8aBRxoe8QBC2ucGrVqjuZFysRhY8d56cnNT1,2.9,0.0
ALNU5qhvNQm2PBx7AWxobg44cLEJmSFD3BSjJqSYUZNM,5SDrsMNTYdhmApjfqYHDvjoW92f2S42vcc7zNDVcQ9Ej,387146.69999999995,0.0
AMSYt5zkb2JKRA8gcmPjP4LZvrbqedtJ3gD1SFSt76Hp,5bJcc9eb2XE7mqcET2xDuAdMGuXWybb4YPmAHLjKLhQG,2.2,0.0
ARHG3sW8DcK2c1TrPmPdzC9Rfcn72M8RmXLPUdcL1Yab,C68a6RCGLiPskbPYtAcsCjhG8tfTWYcoB4JjCrXFdqyo,0.0,73.0
ARHG3sW8DcK2c1TrPmPdzC9Rfcn72M8RmXLPUdcL1Yab,is6MTRHEgyFLNTfYcuV4QBWLjrZBfmhVNYR6ccgr8KV,34.7,0.0
Aj7DZzFjbLBeebmejY3E97xVRWjGj6DL71ujLU66aG4C,4xLpwxgYuPwPvtQjE94RLS4WZ4aD8NJYYKr2AJk99Qdg,52062.50000000001,0.0
AsKNBkn6B4fB1DVci8avDjThnMDEHiQu9i3bYR5nSWau,C68a6RCGLiPskbPYtAcsCjhG8tfTWYcoB4JjCrXFdqyo,0.0,399.0
AzYLSwZpyhdRM6u8sSRrmDmNf59MhQxFCrAu6X9VxL2p,C68a6RCGLiPskbPYtAcsCjhG8tfTWYcoB4JjCrXFdqyo,0.0,15.0
AzYLSwZpyhdRM6u8sSRrmDmNf59MhQxFCrAu6X9VxL2p,is6MTRHEgyFLNTfYcuV4QBWLjrZBfmhVNYR6ccgr8KV,2.9,0.0
B2tQVZ2fsYiweSvosEpDX5pQ2r8RZ3PM6rVe45ArayGr,5bJcc9eb2XE7mqcET2xDuAdMGuXWybb4YPmAHLjKLhQG,3.2,0.0
BJDJCbfXYkteX9HjcHPMCbnAc95mAoADvUvsi52yqZam,5bJcc9eb2XE7mqcET2xDuAdMGuXWybb4YPmAHLjKLhQG,15.800000000000004,0.0
BKk1qB3KoY8LxN95sZ6sMtvtpptbZgLxD4nczSncQRgv,42brAgAVNzMBP7aaktPvAmBSPEkehnFQejiZc53EpJFd,10.8,0.0
BWW4hXjowQmqdywZb4uimU1ehf31Tx8vSMsyA9yoKDn4,5SDrsMNTYdhmApjfqYHDvjoW92f2S42vcc7zNDVcQ9Ej,2.3,0.0
BWXayyRryqW35nT27LWjYFwmwK5Y5QYJ793oCKovirk5,5bJcc9eb2XE7mqcET2xDuAdMGuXWybb4YPmAHLjKLhQG,3.3,0.0
Bbv6wy1o9f4ADFu6A6PZRqU2cQX3ChBFKLVcUSpYrJs4,5SDrsMNTYdhmApjfqYHDvjoW92f2S42vcc7zNDVcQ9Ej,2.7,0.0
Bm3yKjPRzjvRcsB8gPP1e7hJmov5GRLMWJRvKZFd8rDj,C68a6RCGLiPskbPYtAcsCjhG8tfTWYcoB4JjCrXFdqyo,0.0,1861.0
Bm3yKjPRzjvRcsB8gPP1e7hJmov5GRLMWJRvKZFd8rDj,is6MTRHEgyFLNTfYcuV4QBWLjrZBfmhVNYR6ccgr8KV,9.1,0.0
BqgDgPPbNVnkTvLZx2uEAeuMP9uJ584FTrcsN32GxJiV,8NBEbxLknGv5aRYefFrW2qFXoDZyi9fSHJNiJRvEcMBE,3.5,0.0
BvrFNWRD26b6vcun4D66dpNUYdkt3HtTsWHMnFMy5x1c,C68a6RCGLiPskbPYtAcsCjhG8tfTWYcoB4JjCrXFdqyo,0.0,1973.0
ByJYUiRpii2VxZCXJiozHwxbkCqEau3Wtx6Jeh2VW3H,C68a6RCGLiPskbPYtAcsCjhG8tfTWYcoB4JjCrXFdqyo,0.0,300.0
ByJYUiRpii2VxZCXJiozHwxbkCqEau3Wtx6Jeh2VW3H,is6MTRHEgyFLNTfYcuV4QBWLjrZBfmhVNYR6ccgr8KV,39.4,0.0
C8XzHPYLiy6X8qDhe5cBocLEUEs4hdYDCha9i6Ex75Y3,4xLpwxgYuPwPvtQjE94RLS4WZ4aD8NJYYKr2AJk99Qdg,65254.2,0.0
C8xJyHfKPANim4oRb2iKLufqYgtTYixpiY7MJCY175Y3,4xLpwxgYuPwPvtQjE94RLS4WZ4aD8NJYYKr2AJk99Qdg,136371.8,0.0
C8xJyHfKPANim4oRb2iKLufqYgtTYixpiY7MJCY175Y3,9D8xSHWqF9NJWqCtn3rNxYEox63aCbWxYzTMfMur7Cc9,75.9,0.0
CJ9cZDcyYCcsrSmXz3ZfZQGDVPhF7M1cXgphfYNr2zJd,5bJcc9eb2XE7mqcET2xDuAdMGuXWybb4YPmAHLjKLhQG,2.7,0.0
CfgBCHHA1LT2HZnxxeMKsdVXU9zB85gZL1eqgaK7w1j8,C68a6RCGLiPskbPYtAcsCjhG8tfTWYcoB4JjCrXFdqyo,0.0,200.0
D2uVgZCcxQTHbEfwV7FH3aHFgB4HiCWhVyYhxhMMaCBJ,42brAgAVNzMBP7aaktPvAmBSPEkehnFQejiZc53EpJFd,8.399999999999999,0.0
DDwFeX4SsqEYpYEvLCaZ4SBz3AGcLpDJJ3mYt48v6evk,8NBEbxLknGv5aRYefFrW2qFXoDZyi9fSHJNiJRvEcMBE,4.2,0.0
DLYndR4S5qWXgngi9a4jFf3BY4Zspn6MRxYsuSr41UQ7,9D8xSHWqF9NJWqCtn3rNxYEox63aCbWxYzTMfMur7Cc9,24301.0,0.0
DLYndR4S5qWXgngi9a4jFf3BY4Zspn6MRxYsuSr41UQ7,i57ExrKB2i4mSgjSuq2xz617mQXmu33WG2WEYypmdvX,24776.0,0.0
DRUJa6YbemPNLruvi8kMJQem2fvZawsJNzH8LrSRzPmd,ASTyfSima4LLAdDgoFGkgqoKowG1LZFDr9fAQrg7iaJZ,2.4,0.0
DTXT9C12yenGVvwZ92gf8tHgggB3TfXQd4RrTMtveuY6,4xLpwxgYuPwPvtQjE94RLS4WZ4aD8NJYYKr2AJk99Qdg,773782.2,0.0
DTm2EAdwh5U9ss2QHAiiTgiH6NLyvQgQPHrjddxT6f8P,C68a6RCGLiPskbPYtAcsCjhG8tfTWYcoB4JjCrXFdqyo,0.0,5764.0
DTm2EAdwh5U9ss2QHAiiTgiH6NLyvQgQPHrjddxT6f8P,is6MTRHEgyFLNTfYcuV4QBWLjrZBfmhVNYR6ccgr8KV,76.49999999999999,0.0
DZLv2C9XT35WpbPt1Q5XFG3z4wDbnS93khUFwDGf8KQF,5SDrsMNTYdhmApjfqYHDvjoW92f2S42vcc7zNDVcQ9Ej,2.3,0.0
DnrZS1qTcNs4RUSA3tzKzYjxqyhge1n6nPJG1r6Qg49o,5bJcc9eb2XE7mqcET2xDuAdMGuXWybb4YPmAHLjKLhQG,2.7,0.0
DsbokKhNrxStmHaDCUWPE8mSnwWiTBCvxNRSqopidknf,4xLpwxgYuPwPvtQjE94RLS4WZ4aD8NJYYKr2AJk99Qdg,284126.3,0.0
DwfCtmfN9oUWxDpY6YuNLbgkdbsiSdu9by1Tp9Dr7KGA,5bJcc9eb2XE7mqcET2xDuAdMGuXWybb4YPmAHLjKLhQG,2.2,0.0
DzmsiJYXHRfQP7riYzuCDXfD8KnzVGCSmreS1tzBFpZY,5bJcc9eb2XE7mqcET2xDuAdMGuXWybb4YPmAHLjKLhQG,2.4,0.0
E2wm1fhqdBxytV4B4TTsEeesKsvyUSnreaYLnbayfYWb,C68a6RCGLiPskbPYtAcsCjhG8tfTWYcoB4JjCrXFdqyo,0.0,80.0
E5u17SfXtoDhd3tJQj6tspioEfwHS4KKj64ikih9561k,G9RCBaYb8aBRxoe8QBC2ucGrVqjuZFysRhY8d56cnNT1,2.6,0.0
E8GsrxMYnaaNXLejdV4ecaMEEDkF394KcPvKMiTrKaqy,C68a6RCGLiPskbPYtAcsCjhG8tfTWYcoB4JjCrXFdqyo,0.0,247.0
ENMZviGXLn1vMLzwhDuRWgpLToShtieuBSiSc2CjALN3,DTXT9C12yenGVvwZ92gf8tHgggB3TfXQd4RrTMtveuY6,1519.4,0.0
EXoVbAeZwEwJFxhcstBCfZfm5AhPhiSw3vX7Z5YV9yfM,C68a6RCGLiPskbPYtAcsCjhG8tfTWYcoB4JjCrXFdqyo,0.0,16.0
EYZKmwGz7zfdgAoVgjczALhpRqgjhr3e4wEyQ4z2BaCQ,5bJcc9eb2XE7mqcET2xDuAdMGuXWybb4YPmAHLjKLhQG,2.2,0.0
EcF6a8mYZ5BQmC8uUTfewcnmpMrMzWMUnEPWo5bYc1wM,i57ExrKB2i4mSgjSuq2xz617mQXmu33WG2WEYypmdvX,3.7,0.0
EixVM9YokviV4zCz4y3ikFCGyTBT6CviuYCCHQKu9ZfW,C68a6RCGLiPskbPYtAcsCjhG8tfTWYcoB4JjCrXFdqyo,0.0,2430.0
EnbLHy9t11kaNVUMJjw6kfFoL8MTF31jAiTSB9aiMiCH,C8XzHPYLiy6X8qDhe5cBocLEUEs4hdYDCha9i6Ex75Y3,66769.7,0.0
Enm5ScgWN6SGL6eMh5xxYtTHGdpxH2kZ8PxeQ9JpALN3,DTXT9C12yenGVvwZ92gf8tHgggB3TfXQd4RrTMtveuY6,8104.599999999999,0.0
ErDKswimy368F62M5XupSwiKJqnhws9GF1eHUQuZMEZr,28nYGHJyUVcVdxZtzKByBXEj127XnrUkrE3VaGuWj1ZU,2.4,0.0
F5ZfiY7P4FpLtobs1UjwKFoNTkx2LJ6XAyHZMdZMfRV1,C68a6RCGLiPskbPYtAcsCjhG8tfTWYcoB4JjCrXFdqyo,0.0,94.0
F6XMHN2yZP6NJ7JhrYaWjMMmA2tfR1Yuzps5YsK5bo9V,8NBEbxLknGv5aRYefFrW2qFXoDZyi9fSHJNiJRvEcMBE,1813.0,0.0
F75kUDqeo4YsE75Kvt5Pdp1Cm2XJYU4BoKj8GCzRiCBW,5SDrsMNTYdhmApjfqYHDvjoW92f2S42vcc7zNDVcQ9Ej,3.2,0.0
FED5Ej8QU59gmYzPCNaSrViHZPdHMSX1fRUAnScDpHsS,5bJcc9eb2XE7mqcET2xDuAdMGuXWybb4YPmAHLjKLhQG,9.300000000000002,0.0
FNKd8Z2gvZtZRJjhiHHSYRoj4ZyTqEJLtD2Ue2x9Pc6t,5bJcc9eb2XE7mqcET2xDuAdMGuXWybb4YPmAHLjKLhQG,2.1,0.0
FQucj6sUGtRjBUKsd4pRQ3HjWtaHsbXwjidDcoxZ5evG,5bJcc9eb2XE7mqcET2xDuAdMGuXWybb4YPmAHLjKLhQG,2.3,0.0
FSa5hgBHArrjEZDyxVHudsDTzrZZfviYa3iuYSH84TMb,28nYGHJyUVcVdxZtzKByBXEj127XnrUkrE3VaGuWj1ZU,372.8,0.0
Fm5kGyR62CiYeLpDRW4tNCHKcXYngYUkbs8EwaKgJZmC,5SDrsMNTYdhmApjfqYHDvjoW92f2S42vcc7zNDVcQ9Ej,3134.0,0.0
G1cHuMWCTw5kxcDrWTLQaaNKAgF4Bfv5jUgSMJhsaoDW,C68a6RCGLiPskbPYtAcsCjhG8tfTWYcoB4JjCrXFdqyo,0.0,30000.0
G6DYAYvnuzpHsGjgi2fD3AFzmbfYgEj2eyzwujQtekxN,C68a6RCGLiPskbPYtAcsCjhG8tfTWYcoB4JjCrXFdqyo,0.0,137.0
G6DYAYvnuzpHsGjgi2fD3AFzmbfYgEj2eyzwujQtekxN,is6MTRHEgyFLNTfYcuV4QBWLjrZBfmhVNYR6ccgr8KV,123.0,0.0
G9XKr8yHVLEQmU6JZeMpQusUf2b6WtKdqUuXmsaqRk6d,5bJcc9eb2XE7mqcET2xDuAdMGuXWybb4YPmAHLjKLhQG,2.3,0.0
GJkhhsLDcUcr2iWDT3NRaW1FwhczjbZ77yax4Ro3AWQJ,5bJcc9eb2XE7mqcET2xDuAdMGuXWybb4YPmAHLjKLhQG,2.3,0.0
Gr5dBGnfbPFxLc2yPE6GNjzerScr5z5MaFVktMNMKXa9,C68a6RCGLiPskbPYtAcsCjhG8tfTWYcoB4JjCrXFdqyo,0.0,15014.0
Gr5dBGnfbPFxLc2yPE6GNjzerScr5z5MaFVktMNMKXa9,is6MTRHEgyFLNTfYcuV4QBWLjrZBfmhVNYR6ccgr8KV,276.40000000000003,0.0
HBK1SxG5gqTbeCJ4sxTkRD7ZAMXfD3fVqJvK1yPzVM4j,5bJcc9eb2XE7mqcET2xDuAdMGuXWybb4YPmAHLjKLhQG,2.7,0.0
HBxZShcE86UMmF93KUM8eWJKqeEXi5cqWCLYLMMhqMYm,12bCWdSunFqVXdGQW4uEz6mLkZoR4jQErtZV8zyKz2JM,1100.0,0.0
HBxZShcE86UMmF93KUM8eWJKqeEXi5cqWCLYLMMhqMYm,9D8xSHWqF9NJWqCtn3rNxYEox63aCbWxYzTMfMur7Cc9,846698.1000000002,0.0
HxSZHTuLDhZYHGzcktQUr9a8a7giTjYRCe58iwTZG664,3gd3dqgtJ4jWfBfLYTX67DALFetjc5iS72sCgRhCkW2u,585398.0,0.0
VY5anVrsiNUyaucykmnoyjLuZSCAG4jpLTajzpkSy3r,5bJcc9eb2XE7mqcET2xDuAdMGuXWybb4YPmAHLjKLhQG,3.4,0.0
1p83cLe7aNx724YbTiQDdH5yod9uvtu7CrCFBjbbT5N,ByJYUiRpii2VxZCXJiozHwxbkCqEau3Wtx6Jeh2VW3H,36.1,0.0
2871Hz1pQ7xb2omS1mtfkUs9gTTQc92PqEwoScjPSuzc,7UzY4w12kDpDrnyQ8BEqWHBxC3RUxRVCQ2KpYMkDDuDs,35.70000000000002,0.0
2LS4rQmriXAGJYXHCBXpx2GSZQKjGzimgfRBMtaSyBFC,7UzY4w12kDpDrnyQ8BEqWHBxC3RUxRVCQ2KpYMkDDuDs,8.8,0.0
2MThFaoJWCQfJEgHMBSU1LFrGPbrNdaEYHdXLB9xZUxy,HVh6wHNBAsG3pq1Bj5oCzRjoWKVogEDHwUHkRz3ekFgt,2.3,0.0
2N1GQdjtpyCNGwPHMyn4S5DG1VJNNBbkT5rYptRUkr15,6RyFiXGwqUSYT53w6yFx5g1gMUVuuJwwRmbMVoGC4scy,2.6,0.0
2jk2PAA1Aw9jHsp6gAwVtXBniS14wJVX3Yr7y6bj7W4V,CfgBCHHA1LT2HZnxxeMKsdVXU9zB85gZL1eqgaK7w1j8,3.5,0.0
2qPeF8TFuZ2yxdVgHgKPHi4YfnhH2Ta2XC1mj7QmFuxT,CfgBCHHA1LT2HZnxxeMKsdVXU9zB85gZL1eqgaK7w1j8,2.7,0.0
2rZB54jCVrHm9QJxrF1pcRqbmiDW81yghWFH3ouWh1KX,7UzY4w12kDpDrnyQ8BEqWHBxC3RUxRVCQ2KpYMkDDuDs,3.2,0.0
3SyKb3hh1JSRT24RB7hKVsQBpRcwHMH5tLMWk5mS9XsJ,9VgQqvmare72Lq9vzx7bCV4ykG36Pk1foRos2psVBbCE,10.0,0.0
3UvpQ9crhdbjpDpmWm8BwFZRBdNVcwNR491LTuwMP4VJ,HBxZShcE86UMmF93KUM8eWJKqeEXi5cqWCLYLMMhqMYm,11.3,0.0
3WMYfSkYGqzzrWpsQtLeXDVCYSVWJtbwpcEZb49LWYtc,2z54GZAALKjmdFoHTQ7WVAHwS3BfRm14sYG7uaesw8JB,3.1,0.0
3huamNpghPSPbgQSLX56B18Sj1hq5SE4KGxwTvhwJGnC,5VCwKtCXgCJ6kit5FybXjvriW3xELsFDhYrPSqtJNmcD,5.999999999999998,0.0
3jAiKRQ7FY7NH7GsuVvzNbW7PuFGM8p1SyMvfGuBwgaW,CfgBCHHA1LT2HZnxxeMKsdVXU9zB85gZL1eqgaK7w1j8,4.0,0.0
3pXLw5PfYXZirKgqYtMRNPBPW3hmPEzwpQduoL6A5sKi,2z54GZAALKjmdFoHTQ7WVAHwS3BfRm14sYG7uaesw8JB,2.2,0.0
45iW8FjmuYvBA9QKjtVyL9KX3RSeZD3wRKiBaj9JiT2b,ByJYUiRpii2VxZCXJiozHwxbkCqEau3Wtx6Jeh2VW3H,2.7,0.0
46AjVVtx6YgB6c8E4S9cVLfcg6FBHWkAcS5v9EXk9BQe,HBxZShcE86UMmF93KUM8eWJKqeEXi5cqWCLYLMMhqMYm,2402939.4999999995,0.0
46AkEXM5UUQ7rMvxQ1aKW2yyoijjh9q9m2RM3D9J9Bqe,HBxZShcE86UMmF93KUM8eWJKqeEXi5cqWCLYLMMhqMYm,35949.8,0.0
47TT8ouUe26hcZpRtc82CDtKF9LaJtkQtMQF2ZSLQhng,EnbLHy9t11kaNVUMJjw6kfFoL8MTF31jAiTSB9aiMiCH,4.8,0.0
4BxdkZdoQkY9HPREQk1Ydt3asB3PXPraaY7mNZ6ymeS2,7UzY4w12kDpDrnyQ8BEqWHBxC3RUxRVCQ2KpYMkDDuDs,2.2,0.0
4E27iWv9zi16DygYuMGeKGWTjYkT96hB7J1TGk9c3Bos,6RyFiXGwqUSYT53w6yFx5g1gMUVuuJwwRmbMVoGC4scy,3.1,0.0
4TM5zWLhMNhLYRmGkQE2jZMmJQvjSbENBzDziCh7yuVo,8nTuaAuUAKV7YSg57oEgpT1hMSrmKekhzBcYiEhQagEw,2.2,0.0
4XL7JHMgg8nWMwDDbfpMvPgno2SEjU8KLSE2kGgvKV8N,4gcPdYHPFqXFuTbhSPw768xk1nSmWqzoosVowb3pqjAF,0.0,26.0
4XL91YChSvBzinXEr9R1KfLnx3btcgceWdib6jUR9qdg,Aj7DZzFjbLBeebmejY3E97xVRWjGj6DL71ujLU66aG4C,176811.19999999995,0.0
4XL91YChSvBzinXEr9R1KfLnx3btcgceWdib6jUR9qdg,EnbLHy9t11kaNVUMJjw6kfFoL8MTF31jAiTSB9aiMiCH,2968.4,0.0
4YdkYJHQv3EaPFQKLAh7JSyNXoW8FrfBrzAqz7wfNLzF,8nTuaAuUAKV7YSg57oEgpT1hMSrmKekhzBcYiEhQagEw,2.8,0.0
4aZrwRSGad4jwRncL24zzYYHMhGFcaxqtKA6wKSiuryf,2z54GZAALKjmdFoHTQ7WVAHwS3BfRm14sYG7uaesw8JB,2.8,0.0
4mZwFepbcAciHoQgN4yJX6TRkqpgPe2CXoGSQqC3anGZ,CfgBCHHA1LT2HZnxxeMKsdVXU9zB85gZL1eqgaK7w1j8,2.3,0.0
4o4u2q3iwTBzNZ1tVPmJbEpu3zRrxvMV9WUdnJjT1s8b,8nTuaAuUAKV7YSg57oEgpT1hMSrmKekhzBcYiEhQagEw,3.5,0.0
544UsNRFNU7tzWKcHGZorwy7UKnsso9x83N9WWMvY5JX,ARHG3sW8DcK2c1TrPmPdzC9Rfcn72M8RmXLPUdcL1Yab,0.0,299.0
5EqpcPksFU5AbsrcGSxrv6qCyZQL2KeTgEgKPRCcMMF2,7UzY4w12kDpDrnyQ8BEqWHBxC3RUxRVCQ2KpYMkDDuDs,11.700000000000005,0.0
5JwXu6eRd6n8Vjpm46Rdxutfudy8WsD9w9D8R9urCsYx,EnbLHy9t11kaNVUMJjw6kfFoL8MTF31jAiTSB9aiMiCH,3.0,0.0
5KDLh21y4QNR6RpaxE5sF9kZG44rYdAZ1ZheNqCimWWV,FWznbcNXWQuHTawe9RxvQ2LdCENssh12dsznf4RiouN5,33.00000000000001,0.0
5QE4xYTFJQ3rpPNQn2qhNzL1RzCMdwmX2a3uVEU5GDiw,HBxZShcE86UMmF93KUM8eWJKqeEXi5cqWCLYLMMhqMYm,547973.9999999999,0.0
5XdncEv4BKFKRA8uW4cAmgqA81yMD5d73ksT8noV61td,CfgBCHHA1LT2HZnxxeMKsdVXU9zB85gZL1eqgaK7w1j8,3.1,0.0
5tMCt4uAbwfcKiHnUY4LNB5L3CGBSVPDTLyAKao2apP9,8nTuaAuUAKV7YSg57oEgpT1hMSrmKekhzBcYiEhQagEw,2.6,0.0
62RiLf12ZwYGEuPrs5TbLGf6FEMo6XzUUFmYNqmxcf3B,FWznbcNXWQuHTawe9RxvQ2LdCENssh12dsznf4RiouN5,2.3,0.0
63Y8uhyzkz646xeFtAi5w2MWPeekhKQGKhSB85veFrf8,ARHG3sW8DcK2c1TrPmPdzC9Rfcn72M8RmXLPUdcL1Yab,4.9,0.0
67xpVP6ZKzVbsd3XN7PpNdGwrBZFgvmRRchgynT2XRYx,7NpC9bvJ2amaA2LzvxhRcv7qcao2cyNA3VRHA15Ti7Pv,2.7,0.0
6AMuVKWTmoaQ1sjyeVgE25U6SWm2rTdVLiSP395pqbTn,CfgBCHHA1LT2HZnxxeMKsdVXU9zB85gZL1eqgaK7w1j8,2.7,0.0
6ErP6hodDfp1ZsEeeVGsFNrFXCuzHkKYA95azzKMD3LY,2z54GZAALKjmdFoHTQ7WVAHwS3BfRm14sYG7uaesw8JB,2.7,0.0
6MnRmGFYbnwheQfpf8WFiM6cnsVdA1muKjQq1D2E7XKt,8nTuaAuUAKV7YSg57oEgpT1hMSrmKekhzBcYiEhQagEw,3.7,0.0
6RFpagYjKFXHRJeBrQErumR9FH1b1aKT4CoNjQqqrebV,CfgBCHHA1LT2HZnxxeMKsdVXU9zB85gZL1eqgaK7w1j8,3.6,0.0
6TtFXbQgcdEJa9KJrp48ZEdox32cSW3KvXHPrAJsE9La,EXoVbAeZwEwJFxhcstBCfZfm5AhPhiSw3vX7Z5YV9yfM,4.6,0.0
6aa3zCjV7nwisz82rYfeNK4FFkzECa9qTnCbz21K1yaS,2z54GZAALKjmdFoHTQ7WVAHwS3BfRm14sYG7uaesw8JB,5.700000000000001,0.0
6cUFPdgxhxG8A4SDwk45MopF3dKUNoSJMjVxcnkLdDs9,6RyFiXGwqUSYT53w6yFx5g1gMUVuuJwwRmbMVoGC4scy,2.1,0.0
6cbqc3TEYGnp6TmvBs5n1GwPneThshyMWy1VBViWcE3R,6iy7TzpJNobK7CK5CFbHs7dXAqf8dyKwQWMEiArZqQA6,37.900000000000006,0.0
6hV1jyePLZFsbhA5CCYzHfHfsLvEMdQTgxH4QCCtxns9,CfgBCHHA1LT2HZnxxeMKsdVXU9zB85gZL1eqgaK7w1j8,2.2,0.0
6j1XdsdAg76npiuxWhGC8WUzGtHhfVBaDCaLSyhyzMUt,EnbLHy9t11kaNVUMJjw6kfFoL8MTF31jAiTSB9aiMiCH,4.4,0.0
6yUQe4oSwLDAmGkwqcZgFmmZSTF6Hw25kRD9qWL7z5Xe,7iSQpm9zLbVmdKvCaDJsQcbpATqj9Jde9ypmMvWSPKnU,0.0,3570.0
7KNg6ypsD9VySYMj1ZHTiqp5KWzPqdW2FkFsQFvFeoHL,2z54GZAALKjmdFoHTQ7WVAHwS3BfRm14sYG7uaesw8JB,3.6,0.0
7SpEzhB7uR8BPhPoWjj4oQCBYNSmkTLj7MDyAdP9CXxp,2z54GZAALKjmdFoHTQ7WVAHwS3BfRm14sYG7uaesw8JB,3.1,0.0
7VM1BTPknDVSML6A9c8n8g87uua5nbRfbo671kNH4f1z,DTm2EAdwh5U9ss2QHAiiTgiH6NLyvQgQPHrjddxT6f8P,2.7,0.0
7ZBHKnu3BLmWmRRiitKwvHQC3u5FskoviPMLpHKfhyMP,ARHG3sW8DcK2c1TrPmPdzC9Rfcn72M8RmXLPUdcL1Yab,2.8,0.0
7ZDH9gJwjPZcMLRiu6T3ThKfxNW3Zt6R1CnokGPYPkCj,8nTuaAuUAKV7YSg57oEgpT1hMSrmKekhzBcYiEhQagEw,2.7,0.0
7fp1pxqSUEA3FpHLAoSVfyZbcMaCrdSsrcHh6as1XnRr,HVh6wHNBAsG3pq1Bj5oCzRjoWKVogEDHwUHkRz3ekFgt,3.0,0.0
7hNr5MNS8EiCrz6envdyk31hcGgutZGcHmo4t6E1PNV8,8nTuaAuUAKV7YSg57oEgpT1hMSrmKekhzBcYiEhQagEw,2.1,0.0
7oqW1Jjntsk3RRNvBVcaGxDHpsaJEz8wRiwv46YiT3ap,2z54GZAALKjmdFoHTQ7WVAHwS3BfRm14sYG7uaesw8JB,3.1,0.0
7s7yb4P8zAjCAnyo5cCo7dqAwLCdScs2iXdsYmxDvs8R,6RyFiXGwqUSYT53w6yFx5g1gMUVuuJwwRmbMVoGC4scy,3.1,0.0
7w1PCKVx3v5U49fmk9rgbLeWuPY6341gL3qSCLoUHBb7,DTm2EAdwh5U9ss2QHAiiTgiH6NLyvQgQPHrjddxT6f8P,73.79999999999998,0.0
83AvasJJdeSPkXjunxKbXgvqc95yqHmMrpTbPaNrPGuA,8nTuaAuUAKV7YSg57oEgpT1hMSrmKekhzBcYiEhQagEw,2.4,0.0
8CX3eVsSXxitS3M5wsVCVka8hG7KXkMMDydMYPMPcktH,7iSQpm9zLbVmdKvCaDJsQcbpATqj9Jde9ypmMvWSPKnU,0.0,1470.0
8Rsz3G1qgMdUXbrq4fX2yRfinfELqVSCa5BwfP37hoVt,HBxZShcE86UMmF93KUM8eWJKqeEXi5cqWCLYLMMhqMYm,16.6,0.0
8Sm5hyTxnSSMxS9PAa5sAxX1q42YyMv4c8SiwReVEWYn,CfgBCHHA1LT2HZnxxeMKsdVXU9zB85gZL1eqgaK7w1j8,2.2,0.0
8TnFH4L9XzMBuND59FGyR6h67vo5KWJ5YVjH7kPrzf6Q,2z54GZAALKjmdFoHTQ7WVAHwS3BfRm14sYG7uaesw8JB,3.7,0.0
8VeiNUwVf4ijZAbUVcxTqLCFoZd1oUFCBZfQh5Lnnujm,2z54GZAALKjmdFoHTQ7WVAHwS3BfRm14sYG7uaesw8JB,2.7,0.0
8jjpnSUhm5UYghznhcdkwwEUFyke6z5TchHEtUUgW8hX,G6DYAYvnuzpHsGjgi2fD3AFzmbfYgEj2eyzwujQtekxN,5.0,0.0
8m2c7wvVRKJMA41QYmYFZqLivwBTPzX7KwZPsA2YEPa4,CfgBCHHA1LT2HZnxxeMKsdVXU9zB85gZL1eqgaK7w1j8,2.7,0.0
8mZoWU1JDwcxspmSeyzueSoatggr9ZKXMgLMhUvDs7Hd,8nTuaAuUAKV7YSg57oEgpT1hMSrmKekhzBcYiEhQagEw,118.6,0.0
8mowmVCEewZ9W2cEaQyQeQEeSxhGr1hvRviLwozwNtBt,6SALyxvyLaD1h5NX9TrUHSHUVZYDqfDAsjmnNgwALkqU,3.9,0.0
8uvJEEcfkZrmSZrS5aA7MpsQ275Lx4MLVJxZv3rrHjRP,6RyFiXGwqUSYT53w6yFx5g1gMUVuuJwwRmbMVoGC4scy,0.0,526.0
8uw2NcUmpdrwmp979DqaebKQJQrEc61Veyjcs4yUXirC,6RyFiXGwqUSYT53w6yFx5g1gMUVuuJwwRmbMVoGC4scy,4.0,0.0
8wseQwzrk8mxqSNKr6YQ4RsMDT5FeLhvswuTECYP9sLX,6RyFiXGwqUSYT53w6yFx5g1gMUVuuJwwRmbMVoGC4scy,2.2,0.0
966dnu4kgpqVokR6YHCpGfWvu2YTRDhcbheLziTLpkq4,6RyFiXGwqUSYT53w6yFx5g1gMUVuuJwwRmbMVoGC4scy,2.1,0.0
99ywbxj1XeT7inugpLG4VGVeF8gQyxcpdw1c3HiUDbcp,CfgBCHHA1LT2HZnxxeMKsdVXU9zB85gZL1eqgaK7w1j8,3.7,0.0
9CNdS3wjVPx2C39gNUwhM9Bqj6DvozCSTSsAW6Lma57N,BvrFNWRD26b6vcun4D66dpNUYdkt3HtTsWHMnFMy5x1c,0.0,1973.0
9MX8pXsU6ypa6GhEEqoRjUSsw8LctVRfPxfv3dcJ5a9W,2z54GZAALKjmdFoHTQ7WVAHwS3BfRm14sYG7uaesw8JB,4.4,0.0
9RYYyHDVQH79Rsn9rnTCDUmcsKKsdggKCCCCjPvxFCxk,8nTuaAuUAKV7YSg57oEgpT1hMSrmKekhzBcYiEhQagEw,2142.4000000000005,0.0
9RYYyHDVQH79Rsn9rnTCDUmcsKKsdggKCCCCjPvxFCxk,Aj7DZzFjbLBeebmejY3E97xVRWjGj6DL71ujLU66aG4C,521060.8000000001,0.0
9SQvTZwcbFy5T9n5StT5gzmZVzg7KMgD3UrtXPgq3H4R,ARHG3sW8DcK2c1TrPmPdzC9Rfcn72M8RmXLPUdcL1Yab,3.1,0.0
9WM8iP3EWu3p2joERxRRvtdeAzixQ4dDXKZZZu8ec9Ua,2z54GZAALKjmdFoHTQ7WVAHwS3BfRm14sYG7uaesw8JB,2.6,0.0
9YGbeU6umuddYPZTghXEopQNEHeDqfJvo7ZiTTU62aBG,2z54GZAALKjmdFoHTQ7WVAHwS3BfRm14sYG7uaesw8JB,5.8,0.0
9YRMwYdmyUQwxsmuG4ddQonDq1J4VVDy2ZizH6fgivur,8nTuaAuUAKV7YSg57oEgpT1hMSrmKekhzBcYiEhQagEw,3.2,0.0
9grLeZ1LydddifqnMvmFVeCehFXW9SrAWaLgtjUkknQr,HVh6wHNBAsG3pq1Bj5oCzRjoWKVogEDHwUHkRz3ekFgt,2.7,0.0
9hJe55pXoF3XLBfdmyzRhC59sCza9PcNwL4JtY34pnny,6SALyxvyLaD1h5NX9TrUHSHUVZYDqfDAsjmnNgwALkqU,10.9,0.0
9ptrZtyqGTkdv4HowM7adE9CMnhjNvfeeJ1E2nKFwZne,2z54GZAALKjmdFoHTQ7WVAHwS3BfRm14sYG7uaesw8JB,2.1,0.0
9vafG56HPDmGUnGnPFytQzNPdnwyMPC4KjP3jPGuDkCR,2z54GZAALKjmdFoHTQ7WVAHwS3BfRm14sYG7uaesw8JB,2.4,0.0
9wKLTc8HjmZ1EZN7tJZAsGeDuo9hpum1HVWKtQvoySrL,2z54GZAALKjmdFoHTQ7WVAHwS3BfRm14sYG7uaesw8JB,3.9,0.0
AM8iTvovfttr5Ab1jPAXTL698pbcSh5Msc7emEMw8AGT,7NpC9bvJ2amaA2LzvxhRcv7qcao2cyNA3VRHA15Ti7Pv,7.9,0.0
AQaDJSoDaP4kQmuLZ7RWMDqhNhn9v1WZPsj6oGGUETH3,EnbLHy9t11kaNVUMJjw6kfFoL8MTF31jAiTSB9aiMiCH,5.200000000000001,0.0
ARu4n5mFdZogZAravu7CcizaojWnS6oqka37gdLT5SZn,6iy7TzpJNobK7CK5CFbHs7dXAqf8dyKwQWMEiArZqQA6,70.60000000000001,0.0
ARu4n5mFdZogZAravu7CcizaojWnS6oqka37gdLT5SZn,ARHG3sW8DcK2c1TrPmPdzC9Rfcn72M8RmXLPUdcL1Yab,71.10000000000004,2551.0
AY3v6Xk2byEynqrb8zn1KhxMGNUh5LUWZDhekWFMSwnK,FWznbcNXWQuHTawe9RxvQ2LdCENssh12dsznf4RiouN5,2.6,0.0
AYCHZLvZPXAgcTsUybbY7vbk3ZV9qCnpwYrwLqCLh4L8,8nTuaAuUAKV7YSg57oEgpT1hMSrmKekhzBcYiEhQagEw,2.3,0.0
AkrYBdYcibGrjFJ9ZFcCUAuhmttFM6paG5ndMUDLMy3z,7UzY4w12kDpDrnyQ8BEqWHBxC3RUxRVCQ2KpYMkDDuDs,2.4,0.0
Avm6ibMRi3vRUxdqSsgvoQuwMznQoLH2btmg8fcncgY6,7UzY4w12kDpDrnyQ8BEqWHBxC3RUxRVCQ2KpYMkDDuDs,2.7,0.0
B746UXnrvgQbAei7x5kvXUsFwXsqr27WLAcogMPsrroJ,EXoVbAeZwEwJFxhcstBCfZfm5AhPhiSw3vX7Z5YV9yfM,3.2,0.0
BNFtMHB5KnKLjf3W6v6v2wWtv8W6gdkQpT8FHVFwuNsr,7UzY4w12kDpDrnyQ8BEqWHBxC3RUxRVCQ2KpYMkDDuDs,3.1,0.0
BNYwvzHKgd6J3wCc4bbfFrB3PaZfTMmenkfmiDjzg86h,HBxZShcE86UMmF93KUM8eWJKqeEXi5cqWCLYLMMhqMYm,1309295.5,0.0
BaDE36yTxraYiVDqZBv4vMErY8XLGeW8PDqaRnx9AjFa,8nTuaAuUAKV7YSg57oEgpT1hMSrmKekhzBcYiEhQagEw,2.2,0.0
BcrAbzR5hTA9ZpuuSwaxrG9Ebap2dYzDcdcKDwMWxKnj,ARHG3sW8DcK2c1TrPmPdzC9Rfcn72M8RmXLPUdcL1Yab,2.6,0.0
Be5j8pBoPzC4ExJCh9nPmazgkpbfb86FVaNjRymZzHz3,CfgBCHHA1LT2HZnxxeMKsdVXU9zB85gZL1eqgaK7w1j8,2.6,0.0
BhFf5hLtcqhJGNqnLaFHAX5tnqcVnDvWdWqFvYaAEAWP,7iSQpm9zLbVmdKvCaDJsQcbpATqj9Jde9ypmMvWSPKnU,0.0,420.0
By6NGEWxXqwa6QB1JgsG31UNA1uGhFGkAAQfcC2nqUuj,8nTuaAuUAKV7YSg57oEgpT1hMSrmKekhzBcYiEhQagEw,3.7,0.0
BzwHD4oo7jAmNj1ZjAkkAmL7H3A74oE1UZWfbRfpabAx,E2wm1fhqdBxytV4B4TTsEeesKsvyUSnreaYLnbayfYWb,0.0,100.0
C8xJyHfKPANim4oRb2iKLufqYgtTYixpiY7MJCY175Y3,3s3rasd15JWWEiMAYgJAMrs3EmkBT1xgLFSwgAWjGCsv,18763.2,0.0
C8xJyHfKPANim4oRb2iKLufqYgtTYixpiY7MJCY175Y3,8nTuaAuUAKV7YSg57oEgpT1hMSrmKekhzBcYiEhQagEw,10589.7,0.0
C8xJyHfKPANim4oRb2iKLufqYgtTYixpiY7MJCY175Y3,EnbLHy9t11kaNVUMJjw6kfFoL8MTF31jAiTSB9aiMiCH,10000.0,0.0
CBDSGNbHbz6oZPbNNKkBjnN48FLngUzfhAytq2KuvZ2N,2z54GZAALKjmdFoHTQ7WVAHwS3BfRm14sYG7uaesw8JB,3.1,0.0
CE4XPSPQqnY8u9Yj7d67xRK6aXV7tRMtYqE3mpExhG2k,8nTuaAuUAKV7YSg57oEgpT1hMSrmKekhzBcYiEhQagEw,2.6,0.0
CR571axT7rwXz8zc5PaHtCgd3AVqLvQfwEZHs6FBCHN5,7iSQpm9zLbVmdKvCaDJsQcbpATqj9Jde9ypmMvWSPKnU,0.0,105.0
CRtK8GYPjFQg9CBRSaXMhqU8zCwaBM9XpY2ZmyWQkRtd,4XL91YChSvBzinXEr9R1KfLnx3btcgceWdib6jUR9qdg,5.4,0.0
CSzGdzrCAWwAeF7PN58SDT7xY7eWpQnsUzuz9BXC8Kmb,CfgBCHHA1LT2HZnxxeMKsdVXU9zB85gZL1eqgaK7w1j8,3.3,0.0
CaXWhKoHLMVDDqyVh9wBp5oWBr3SrrgPQD4TXgzjd1KD,EnbLHy9t11kaNVUMJjw6kfFoL8MTF31jAiTSB9aiMiCH,3.1,0.0
CcUovFKTTUyCn5sWZAibCYQi8sA7rvvC55hLHSRg4M2j,ByJYUiRpii2VxZCXJiozHwxbkCqEau3Wtx6Jeh2VW3H,2.3,0.0
CmFUfimWDuMZa4gu5KxayimyGrmGMfFSWGuKYhW1qAM2,8nTuaAuUAKV7YSg57oEgpT1hMSrmKekhzBcYiEhQagEw,2.6,0.0
CmHvgw9sNxqf1Av7jdFWYax8z3JjjG6czqWqnCD19Avi,CfgBCHHA1LT2HZnxxeMKsdVXU9zB85gZL1eqgaK7w1j8,3.6,0.0
CuTrDfzTZxUBXWHmQRntUz2VSY7BdfcJfsZZtAV6LD7P,G6DYAYvnuzpHsGjgi2fD3AFzmbfYgEj2eyzwujQtekxN,4.8,0.0
CxPxp5L6Y4zwZoS1SLuXwXEUK2rpA12s6nHKP1gDqnTA,7UzY4w12kDpDrnyQ8BEqWHBxC3RUxRVCQ2KpYMkDDuDs,3.5,0.0
D83mxGeSQCG1sbcRnfdMqAeQVYZpBDxmXk8Cu8pm9XAd,7iSQpm9zLbVmdKvCaDJsQcbpATqj9Jde9ypmMvWSPKnU,0.0,788.0
D9DkNZ3bc3dZ48VpRE66sfeHaG8AypAbkEoLfnUT7iEU,2z54GZAALKjmdFoHTQ7WVAHwS3BfRm14sYG7uaesw8JB,3.5,0.0
DLfX1eakDGt6hj4LxysN1vB1NBh4bjiBNF4WiaZZet88,EnbLHy9t11kaNVUMJjw6kfFoL8MTF31jAiTSB9aiMiCH,5.800000000000001,0.0
DNaXf3mR5FmPNDt8yaFV5HndGgeiPnDoF2YSXuy1s836,CfgBCHHA1LT2HZnxxeMKsdVXU9zB85gZL1eqgaK7w1j8,2.7,0.0
DXTJZwZ7Z2epTCNVDCSMP39xVyR8ubLnAF2QpVWnmJcP,EnbLHy9t11kaNVUMJjw6kfFoL8MTF31jAiTSB9aiMiCH,3.7,0.0
DaqnhabRRciy2Vmw85qXh8HytPHJEqJW5YXB3NPM9Sph,Bm3yKjPRzjvRcsB8gPP1e7hJmov5GRLMWJRvKZFd8rDj,3.3,0.0
DazrWZ28tw8sHGtf79G3bSkMCBQAHQ7iZzNsv9oXgkjW,CfgBCHHA1LT2HZnxxeMKsdVXU9zB85gZL1eqgaK7w1j8,2.7,0.0
Dg5AHTm5uoPLmH94QkXvKkwzbkbcjMX9X61smxCPMgGZ,7UzY4w12kDpDrnyQ8BEqWHBxC3RUxRVCQ2KpYMkDDuDs,2.2,0.0
DgNZFksaFKk36wd6STnHEGqeXSYTdd4LKyK71e6BFsDH,2z54GZAALKjmdFoHTQ7WVAHwS3BfRm14sYG7uaesw8JB,2.2,0.0
Dgqf1KQqPzLC9UDifv4K2fkqzCJRNHpfeLBYnqfovWi4,8nTuaAuUAKV7YSg57oEgpT1hMSrmKekhzBcYiEhQagEw,2.1,0.0
Djd48mtq6rLdCoBQgwbmwuRe61wCNspdQ4wy4wvraRSm,8nTuaAuUAKV7YSg57oEgpT1hMSrmKekhzBcYiEhQagEw,3.1,0.0
DpRQpwQ3nRFCVADkgpncnwMHCDQePkvDYUYdEicazspn,ARHG3sW8DcK2c1TrPmPdzC9Rfcn72M8RmXLPUdcL1Yab,2.8,0.0
Dwo4cwca3kFsq2y8whougGWeeSUb8A1rXbfEMMZNoGo1,7UzY4w12kDpDrnyQ8BEqWHBxC3RUxRVCQ2KpYMkDDuDs,3.2,0.0
E1aW1Sk2iP5AsL2AGqjhwRam2Aepg5S5ZsNVikeWGweH,7iSQpm9zLbVmdKvCaDJsQcbpATqj9Jde9ypmMvWSPKnU,0.0,38.0
E7wFQuHrrSyfu3pVj4Sjs7o9N6eiCmGWU65WR6oS7B4d,CfgBCHHA1LT2HZnxxeMKsdVXU9zB85gZL1eqgaK7w1j8,3.1,0.0
E8qGizRgvyWG4ZHeJerA3emgocBv36j7PGSz49jq9z8V,7UzY4w12kDpDrnyQ8BEqWHBxC3RUxRVCQ2KpYMkDDuDs,4.0,0.0
EDCRRUf21H7UU7pFqkmyovUCnUtq182aqUY4usEVeMLy,EnbLHy9t11kaNVUMJjw6kfFoL8MTF31jAiTSB9aiMiCH,3.5,0.0
EgRgAfwGL2NBNuDAguc4Xs7HS3JXVHjovtx2cnJuVmBW,2z54GZAALKjmdFoHTQ7WVAHwS3BfRm14sYG7uaesw8JB,2.2,0.0
EuKuocFfh8vWEGYt3xrLKbt9AVru5sfaD7KSD36VQ9j1,7UzY4w12kDpDrnyQ8BEqWHBxC3RUxRVCQ2KpYMkDDuDs,3.5,0.0
EwHMwyg9mTZEwkhL41QyKJH9sdLnbTRi3r3pUasKreHR,2z54GZAALKjmdFoHTQ7WVAHwS3BfRm14sYG7uaesw8JB,5.300000000000001,0.0
F2UnpNAC72cn7wwfXj6mmo8NAatf7XeeEAzHZCYXNzQ1,ByJYUiRpii2VxZCXJiozHwxbkCqEau3Wtx6Jeh2VW3H,3.0,385.0
F4q4xwM9qjCArupE41oVYSm9oy4uUDNc8SsRs9EUu7UC,7UzY4w12kDpDrnyQ8BEqWHBxC3RUxRVCQ2KpYMkDDuDs,3.2,0.0
F8Sbg9WbL2gnBMMoxgfyUhi2XdZmQKSQnW2gxBnkEzFG,FWznbcNXWQuHTawe9RxvQ2LdCENssh12dsznf4RiouN5,2.7,0.0
FLipefVVXkH11oehyed9T2UMHATjYNZt4gsd7gsjKFXS,EnbLHy9t11kaNVUMJjw6kfFoL8MTF31jAiTSB9aiMiCH,4.0,0.0
FLipf31qnoVh8BQK5Uy2jLoqGGEoWnURCVforeR9Euze,EnbLHy9t11kaNVUMJjw6kfFoL8MTF31jAiTSB9aiMiCH,5.0,0.0
FMKNb1HaTUqbddP9oMB8H7mJsGixyz3NufZTUgzzuntu,CfgBCHHA1LT2HZnxxeMKsdVXU9zB85gZL1eqgaK7w1j8,3.2,0.0
FPuFbnhzTJGxrJZgE8F9ogRGMbCgxXGmjDmHKaG4uRoR,2z54GZAALKjmdFoHTQ7WVAHwS3BfRm14sYG7uaesw8JB,3.1,0.0
FQa5b8x9YtxbJvZAWCuYYySybWgHkP4hiib7NbXZZ53W,8nTuaAuUAKV7YSg57oEgpT1hMSrmKekhzBcYiEhQagEw,3.1,0.0
FS31xR6rLCKgcbcwY2HcL5m24xyccr3e3TjXTXXTB8iW,2z54GZAALKjmdFoHTQ7WVAHwS3BfRm14sYG7uaesw8JB,3.6,0.0
FUfotShe3QDkWxvzdWzxom3W6uTsg7RfoprTjZ37MQyn,8nTuaAuUAKV7YSg57oEgpT1hMSrmKekhzBcYiEhQagEw,2.2,0.0
FVEgeysArcdNhHs9xLdQz7fxQZgwAAhhYPvp2NXwoceD,G6DYAYvnuzpHsGjgi2fD3AFzmbfYgEj2eyzwujQtekxN,2.1,0.0
FVecZ6CdT9hdTeagYnG3WitLrYLhrb2c9XPPFNBFdHpK,7iSQpm9zLbVmdKvCaDJsQcbpATqj9Jde9ypmMvWSPKnU,0.0,24536.0
FWznbcNXWQuHTawe9RxvQ2LdCENssh12dsznf4RiouN5,6SALyxvyLaD1h5NX9TrUHSHUVZYDqfDAsjmnNgwALkqU,7.9,0.0
Fm53USgUrpk1zoyJLhJA26XdLpCyctYkBK4HtPVfjZmC,4m3FL4qWRBjUMt4d9mNhWGU7msQjdFZyDKTKYAeTgvVW,5695.5,0.0
Fo6V46SYMQczZb5HgpFvwpS1nRfWYtVJugW4aRVacCB6,2z54GZAALKjmdFoHTQ7WVAHwS3BfRm14sYG7uaesw8JB,3.1,0.0
FvniURHW52vgkMzNfsMKQDCWW33zkfQXfNCCk8DACECd,7iSQpm9zLbVmdKvCaDJsQcbpATqj9Jde9ypmMvWSPKnU,0.0,155.0
FvuL5Qi3o846pteYJPvbCVTAX6b1kgLSKiqsWQbSu4vk,6RyFiXGwqUSYT53w6yFx5g1gMUVuuJwwRmbMVoGC4scy,2.8,0.0
GQHSWb4Lb9qFfYPKmZMfePJ989SYZ8fqUePbi84UCvUY,4m3FL4qWRBjUMt4d9mNhWGU7msQjdFZyDKTKYAeTgvVW,4119.2,0.0
GQfLVGe5RBmetfLZVwbprdXzDHjRQaxq1gxRJ2mAz4xf,2z54GZAALKjmdFoHTQ7WVAHwS3BfRm14sYG7uaesw8JB,4.4,0.0
GRKTCLnSzfTX7iTXwyQJymAg2zJJrEDQuW9VXWYoy1oE,2z54GZAALKjmdFoHTQ7WVAHwS3BfRm14sYG7uaesw8JB,5.5,0.0
GSur99B1J4NUquBETAkJNJSfRXPZDjEtYStsAXCHZ91e,2z54GZAALKjmdFoHTQ7WVAHwS3BfRm14sYG7uaesw8JB,2.7,0.0
Gf2dKE6nvGS8xYawWG7i9p28h7Th3YqCmfeTJYNFezt2,9XrDEcEK2yg3TfV9bTXM3uduYwFyQ98LGay9T7adTi8R,0.0,960.0
GoZV2nXKNWhsCJrDNcpUwn19wX3CyfxctNhD1SCth1hT,HVh6wHNBAsG3pq1Bj5oCzRjoWKVogEDHwUHkRz3ekFgt,3.2,0.0
H2Wf42xU2V8jfESTzM15KK6XrSaYYCqxN87eKV4v8J8d,62sp3W9PSivsDJNm5MyS1RSDSjE45A6rD73L3QA5BLk5,0.0,26.0
H6seos45K9vVb15tGGDjPK7bDS9WamKU5dTzpxQ5pChH,2z54GZAALKjmdFoHTQ7WVAHwS3BfRm14sYG7uaesw8JB,2.6,0.0
HLkPCmpjhvvNfjdYsYj9FAu63Q83SFfMNu98Zu8Xagv7,ARHG3sW8DcK2c1TrPmPdzC9Rfcn72M8RmXLPUdcL1Yab,9.8,0.0
HLnpSz9h2S4hiLQ43rnSD9XkcUThA7B8hQMKmDaiTLcC,41WaRmN8ETJQB8vf9qQkYdZZicidmPoMZDM9zkhDWhG5,33.8,0.0
HSLdprGagNHwZ1TY41HKrVJeb3UCZVBvRpKrXQdvTth1,HBxZShcE86UMmF93KUM8eWJKqeEXi5cqWCLYLMMhqMYm,51694.60000000001,0.0
HVKd54YwNfV7MCin1QzSvJDydFnRyhaHvTRnLsr33AF,9VgQqvmare72Lq9vzx7bCV4ykG36Pk1foRos2psVBbCE,20.5,0.0
HVxd7A2PxThcRd43HhxJTuLLYMCpUn64Tvunjqd3dVuT,CfgBCHHA1LT2HZnxxeMKsdVXU9zB85gZL1eqgaK7w1j8,2.7,0.0
HeMmnCMorc98bracR967YRC29abqWzgPNwc4wRcp47ZQ,7UzY4w12kDpDrnyQ8BEqWHBxC3RUxRVCQ2KpYMkDDuDs,2.2,0.0
HiDoY7gSM3T4fBArUGpxqLewe8oWLVh3dLWVDnpcfAXC,HBxZShcE86UMmF93KUM8eWJKqeEXi5cqWCLYLMMhqMYm,991.8,0.0
HktxWPiFqChQo69gtSXtuWq2YksFi9EhKZr5HKbStTq,7iSQpm9zLbVmdKvCaDJsQcbpATqj9Jde9ypmMvWSPKnU,0.0,5290.0
Hn7qzjdWKpFfJNAf1CvxgfRNWST2xB42g21KpUaD7QbP,Gr5dBGnfbPFxLc2yPE6GNjzerScr5z5MaFVktMNMKXa9,166.4,0.0
J4oFLeJVJuszJLfp99NQyzRXKfpG2bsvR62ePnn5TYTV,2z54GZAALKjmdFoHTQ7WVAHwS3BfRm14sYG7uaesw8JB,2.2,0.0
J6mAvMndJTVRXTx7LoL3DvbdAFooshhFH549HxeKaDKS,6iy7TzpJNobK7CK5CFbHs7dXAqf8dyKwQWMEiArZqQA6,37.900000000000006,0.0
J9PP6ufZFxE8TUWGx2xL8SmX6VfeaSWsnWVqysAeM3Tx,HBxZShcE86UMmF93KUM8eWJKqeEXi5cqWCLYLMMhqMYm,23.4,30.0
JAxTEvpFpuog3NL9SESdfNHkJS2UsYJUu4ZrcStx9tnK,8nTuaAuUAKV7YSg57oEgpT1hMSrmKekhzBcYiEhQagEw,2.3,0.0
JUoyPfc9pEgPfR7pC91J6tETD3gZr2BxT7gpcAge7qG,HVh6wHNBAsG3pq1Bj5oCzRjoWKVogEDHwUHkRz3ekFgt,2.3,0.0
QoTERWhVWJUtZNEZyP62DiXo81KZ9YnbR6YCMWyumW5,2z54GZAALKjmdFoHTQ7WVAHwS3BfRm14sYG7uaesw8JB,5.0,0.0
Z9uAEamsfNkJeEaYwK6SziWwACpQhGToZnqkgo542xV,4XL91YChSvBzinXEr9R1KfLnx3btcgceWdib6jUR9qdg,4.0,0.0
eVvXBv9QyzoVmXSd48UpUCSLGPTxVnYv8hECYuWcaXN,8nTuaAuUAKV7YSg57oEgpT1hMSrmKekhzBcYiEhQagEw,2.3,0.0
js3K1esKxuPHmYAwmCCygCeHgTUsw9SaPKexuZsq1eS,G6DYAYvnuzpHsGjgi2fD3AFzmbfYgEj2eyzwujQtekxN,111.1,0.0
ou88CM9yLLKdjLBwC9zUfWAz4nfHGnnAdzBteekjz6R,7UzY4w12kDpDrnyQ8BEqWHBxC3RUxRVCQ2KpYMkDDuDs,3.1,0.0
24i3A6B6WmscjRyAMpf58sMnWA4FKYHwcDZcrdyJdWUo,5QE4xYTFJQ3rpPNQn2qhNzL1RzCMdwmX2a3uVEU5GDiw,2.7,0.0
28nx7nKktStdAoqV1kDePf66ySiUVjE2omFWcYXGEy7v,46AjVVtx6YgB6c8E4S9cVLfcg6FBHWkAcS5v9EXk9BQe,2.8,0.0
2E7vizNQN7hhYVrQ5dKdJuF9y1WEjsbcFtFGkUDr4WC7,HSLdprGagNHwZ1TY41HKrVJeb3UCZVBvRpKrXQdvTth1,2582.5,0.0
3GDhvmBYR1PLAVp3yM8jCQwnE33uEBus4upLotQeiyrg,5QE4xYTFJQ3rpPNQn2qhNzL1RzCMdwmX2a3uVEU5GDiw,3.2,0.0
3k5yPW1XbXgtpRzhABTfrNzXscEECaHVhTp4NV5Z3V5d,BWZqi67kXsvf5crjd19Fb3gmf3DCipGE8eWWJT2YHDXQ,531.0,0.0
3m5HgxazQgbFhhTMxMSd7DhvpvWvWYU7HvUz4yER5vhy,Fm53USgUrpk1zoyJLhJA26XdLpCyctYkBK4HtPVfjZmC,2.3,0.0
3vWaTCA1yQcdVM8rR1nC9FMiui4o3FYMbyFXnvdJ7Uq9,5QE4xYTFJQ3rpPNQn2qhNzL1RzCMdwmX2a3uVEU5GDiw,2.3,0.0
3vxSKVBJ282gdpzUeQXFJkYd9YANwf8Fg773jV3SgKom,46AjVVtx6YgB6c8E4S9cVLfcg6FBHWkAcS5v9EXk9BQe,266080.2,0.0
4EsJsmg8LfVYtiJfmWmV6PEMvSJSYG7MuX8ZqNUc11T9,HSLdprGagNHwZ1TY41HKrVJeb3UCZVBvRpKrXQdvTth1,636.5,0.0
4KB5vBr1HrprDiFzg2n11UdFHJtio6yNABe2jDGwNWSJ,Fm53USgUrpk1zoyJLhJA26XdLpCyctYkBK4HtPVfjZmC,2.2,0.0
4KWsy9vk1GdsiupZn7MXnzaseYNRPSEAKCCUnoM5jWiu,BNYwvzHKgd6J3wCc4bbfFrB3PaZfTMmenkfmiDjzg86h,3.4,0.0
4XL91YChSvBzinXEr9R1KfLnx3btcgceWdib6jUR9qdg,5QE4xYTFJQ3rpPNQn2qhNzL1RzCMdwmX2a3uVEU5GDiw,220198.3,0.0
4esYLbmJ7ttRV2GmWenKtwT8JwgP3qwk4RMh271C11t9,HSLdprGagNHwZ1TY41HKrVJeb3UCZVBvRpKrXQdvTth1,4786.500000000002,0.0
4kZx9Q66ntynG74knsvx9KKK8Wktw4GggwMQpGa7oMEa,8Rsz3G1qgMdUXbrq4fX2yRfinfELqVSCa5BwfP37hoVt,4.1,0.0
4sV9JxTEA6GNdydNr75yxY9AT3mvm1DTedaBpg9AwosM,BhJrLQEyFyrcf1746pHATzAZQpC1uk3SJf2AHHK7LW3K,22.4,0.0
57HfnzRPHqmiForDe2oSRDEbMpmXxxAfpNp1Q76hYgNw,HSLdprGagNHwZ1TY41HKrVJeb3UCZVBvRpKrXQdvTth1,13691.999999999996,0.0
57HjxPfQmykMGfWDhUixAXHm56txU4GL1wdXssojygNw,HSLdprGagNHwZ1TY41HKrVJeb3UCZVBvRpKrXQdvTth1,2726.2,0.0
5A5QeAt7BgAap4auTMm9zTwkJcZxgC4Lgw7jS1aEY6mS,3UvpQ9crhdbjpDpmWm8BwFZRBdNVcwNR491LTuwMP4VJ,3.2,0.0
5jEZpHHaDowvimHYGckD9hpqRx5DXgzX3NCyKjWPR1q2,5QE4xYTFJQ3rpPNQn2qhNzL1RzCMdwmX2a3uVEU5GDiw,3.2,0.0
5rfhHVEX4SX3nd2DqakgEZ1v9T7oj9x7TKgCrgxZZaHb,5QE4xYTFJQ3rpPNQn2qhNzL1RzCMdwmX2a3uVEU5GDiw,9.900000000000002,0.0
5sDo2gLbEDURhnqCsaZbhedgckYsaEnAMFgdgbGMQ9ej,Fm53USgUrpk1zoyJLhJA26XdLpCyctYkBK4HtPVfjZmC,4350.8,0.0
5uEAmb54yYrrRBUY5VsfeYpARSrbWveLgMaqHbwZCqJ7,Fm53USgUrpk1zoyJLhJA26XdLpCyctYkBK4HtPVfjZmC,2.6,0.0
62RiLf12ZwYGEuPrs5TbLGf6FEMo6XzUUFmYNqmxcf3B,JUoyPfc9pEgPfR7pC91J6tETD3gZr2BxT7gpcAge7qG,2.3,0.0
6NDFxpnds9M7LJG8mz3CMBEato1Dos9babbyddrGsUZo,BNYwvzHKgd6J3wCc4bbfFrB3PaZfTMmenkfmiDjzg86h,2.3,0.0
6RNiG2d3R1MT7M3VCTqX4FT7hxAkwatmbYxudvZe2EQo,HSLdprGagNHwZ1TY41HKrVJeb3UCZVBvRpKrXQdvTth1,18853.6,0.0
6SL48A84Y3ogbNV1PTh8ahXxm2NQvf576K5R7jGD4gyE,46AjVVtx6YgB6c8E4S9cVLfcg6FBHWkAcS5v9EXk9BQe,2.2,0.0
6cC7Gbj2NqpJuWe3GTbzir8cTbo3X4hLpty9C5FL2EMR,5QE4xYTFJQ3rpPNQn2qhNzL1RzCMdwmX2a3uVEU5GDiw,2.1,0.0
6cbqc3TEYGnp6TmvBs5n1GwPneThshyMWy1VBViWcE3R,J6mAvMndJTVRXTx7LoL3DvbdAFooshhFH549HxeKaDKS,144.1,0.0
6gQ7CBy3LZvBfcsZQjD847dqGryYBngyaVZnxdDFcmZX,46AjVVtx6YgB6c8E4S9cVLfcg6FBHWkAcS5v9EXk9BQe,2.8,0.0
6iy7TzpJNobK7CK5CFbHs7dXAqf8dyKwQWMEiArZqQA6,J6mAvMndJTVRXTx7LoL3DvbdAFooshhFH549HxeKaDKS,35.50000000000001,0.0
6qCutirnyKX2XbX4LNFpQYXhsmChe6nwkyKALvdN3dKp,5QE4xYTFJQ3rpPNQn2qhNzL1RzCMdwmX2a3uVEU5GDiw,2.3,0.0
6v434aRMo8S21HFWVUVT9bfqF11nwoH6PM7bJJzQGPhW,BNYwvzHKgd6J3wCc4bbfFrB3PaZfTMmenkfmiDjzg86h,1012283.1,0.0
6v4QBVLrLNB285fv4tkXRy5sEQ7f7LJ6UZgKxAMsGPhW,BNYwvzHKgd6J3wCc4bbfFrB3PaZfTMmenkfmiDjzg86h,114608.8,0.0
7778L6qSdPgddf6ppVp1CbWzUbBu2V7d5FoFePa726uu,46AjVVtx6YgB6c8E4S9cVLfcg6FBHWkAcS5v9EXk9BQe,4.1,0.0
7778L6qSdPgddf6ppVp1CbWzUbBu2V7d5FoFePa726uu,5QE4xYTFJQ3rpPNQn2qhNzL1RzCMdwmX2a3uVEU5GDiw,3.0,0.0
777nncaHveq8MVxa8jmT5nLhAAdXWuZx99duykuhXgiD,46AjVVtx6YgB6c8E4S9cVLfcg6FBHWkAcS5v9EXk9BQe,3.1,0.0
777nncaHveq8MVxa8jmT5nLhAAdXWuZx99duykuhXgiD,5QE4xYTFJQ3rpPNQn2qhNzL1RzCMdwmX2a3uVEU5GDiw,3.0,0.0
7GRNv25mzcMUyJnMzjhyVYmhy3TfSG6eP4MW3CFtv8NQ,5QE4xYTFJQ3rpPNQn2qhNzL1RzCMdwmX2a3uVEU5GDiw,7.900000000000001,0.0
7gVedwpZvQKrGbaKYkychf3dWd8pqTTJj9hPCKtNdC6e,Fm53USgUrpk1zoyJLhJA26XdLpCyctYkBK4HtPVfjZmC,67.7,0.0
7gxLyJNF3WdkaEGtzsWJHGFXnMrmDPhjtt4GrhNN7NFx,BNYwvzHKgd6J3wCc4bbfFrB3PaZfTMmenkfmiDjzg86h,3.7,0.0
81w4aKHFE332JXRCDH7RyUfQPGp1c9ymVzfWpCRT1gnX,46AjVVtx6YgB6c8E4S9cVLfcg6FBHWkAcS5v9EXk9BQe,4.4,0.0
8hUY5MpSoyHCXZ3vKTrPQ13uJFw5EzNJR77GBT9wcwmi,BNYwvzHKgd6J3wCc4bbfFrB3PaZfTMmenkfmiDjzg86h,2.6,0.0
9XouHP8o4GGfGC1Gn4yQ5iAibbAXmUourY4rrAW5hCCk,F8Sbg9WbL2gnBMMoxgfyUhi2XdZmQKSQnW2gxBnkEzFG,2.5,0.0
9tHJr21cNcRsQUap3txSJxrixopMocDvaNoxBG4riNMp,46AjVVtx6YgB6c8E4S9cVLfcg6FBHWkAcS5v9EXk9BQe,3.6,0.0
9v9re85wBjitMasqcaqRkLkjcpazRBnrwsnaxHQn2Vps,HSLdprGagNHwZ1TY41HKrVJeb3UCZVBvRpKrXQdvTth1,2.3,0.0
9wbT3eXXLfkSgKVND8PVoy4YqEtDN1yw7DLGYJdwDuSb,5URmUviWsAtcciFXqgM7f1jmhvBULdQDT47dqDkrJUi,63.8,0.0
ACPWQt1NXPXaAUWE28UwGLDbW9nTHYDtPeArMxaQid65,BNYwvzHKgd6J3wCc4bbfFrB3PaZfTMmenkfmiDjzg86h,2.3,0.0
AJifmPYDBNv7eh63BHLjnCFcUmbQbzJ3QpRtusDx8PUY,46AjVVtx6YgB6c8E4S9cVLfcg6FBHWkAcS5v9EXk9BQe,2.2,0.0
ARu4n5mFdZogZAravu7CcizaojWnS6oqka37gdLT5SZn,6cbqc3TEYGnp6TmvBs5n1GwPneThshyMWy1VBViWcE3R,126.39999999999992,0.0
ARu4n5mFdZogZAravu7CcizaojWnS6oqka37gdLT5SZn,J6mAvMndJTVRXTx7LoL3DvbdAFooshhFH549HxeKaDKS,126.39999999999992,0.0
Aj7HGEgwK8ciAJLHyNnSj7YBSSFgurxJ5j6xhbZLAG4C,Hn7qzjdWKpFfJNAf1CvxgfRNWST2xB42g21KpUaD7QbP,252.3,0.0
BG5bP8Fo2NEPSzMADDaPEd1Sf4bZYaoz9jHWDd9bUpcD,BNYwvzHKgd6J3wCc4bbfFrB3PaZfTMmenkfmiDjzg86h,3.6,0.0
Bzm37ZA8rDv8g46ywsirfRhoL5YKTBeARhNAxv6RU6Nq,HSLdprGagNHwZ1TY41HKrVJeb3UCZVBvRpKrXQdvTth1,9597.7,0.0
CB5zwLQK6WwcZn3YXhwnH6JyU9Fkje19CRkJojheNmmk,5QE4xYTFJQ3rpPNQn2qhNzL1RzCMdwmX2a3uVEU5GDiw,2.6,0.0
CCMmxYZofKNDnN3TpFCAjGQJDAah4AdB8Vvq1E68HaTD,5QE4xYTFJQ3rpPNQn2qhNzL1RzCMdwmX2a3uVEU5GDiw,3.1,0.0
CHswiPNVBowuCuFxJ75uTgfsgV5cxd9TYSbBCEgkXUrc,46AjVVtx6YgB6c8E4S9cVLfcg6FBHWkAcS5v9EXk9BQe,3.2,0.0
CQWxRn2iW5qSxfBaEDaZSym4ZhVjpeXsgSDvw9PehnLj,BNYwvzHKgd6J3wCc4bbfFrB3PaZfTMmenkfmiDjzg86h,44474.7,0.0
CcLpa7zWGQJJCrby96g9TqFFwmj31RfWAjtD6xbh1XJj,HSLdprGagNHwZ1TY41HKrVJeb3UCZVBvRpKrXQdvTth1,2.3,0.0
Cg6D8eEG8rBCzEFQ3tT3EwzSraVE8hXzXRM3DMfEyWJw,Fm53USgUrpk1zoyJLhJA26XdLpCyctYkBK4HtPVfjZmC,5.0,0.0
CmpjWv8CtXKcEfw8JV781oLm1GVdf28QGADBRhMaK8oW,J9PP6ufZFxE8TUWGx2xL8SmX6VfeaSWsnWVqysAeM3Tx,10.0,0.0
DBdqMqEWYAaSNdme6t2ALVTwxrK94SZobteFc9thhbSr,5QE4xYTFJQ3rpPNQn2qhNzL1RzCMdwmX2a3uVEU5GDiw,3.1,0.0
DCmGAbHAadkh1YVeFiP2jMkiwkH95mwPDPG8Fq8qWP5f,BNYwvzHKgd6J3wCc4bbfFrB3PaZfTMmenkfmiDjzg86h,2.7,0.0
DDewEzcPC9BcfMTNuZNgcFNG65qixTeXNppLN73ZnUzA,46AjVVtx6YgB6c8E4S9cVLfcg6FBHWkAcS5v9EXk9BQe,5.0,0.0
DsDrDBxdVBQthPM3q7zQvAKE5owVUxhU9BfXvs9RdNBh,46AjVVtx6YgB6c8E4S9cVLfcg6FBHWkAcS5v9EXk9BQe,2.2,0.0
DvBFuieunATzutKgLQLT3FhYvcDosMB2yWCKEkVxg1iC,Fm53USgUrpk1zoyJLhJA26XdLpCyctYkBK4HtPVfjZmC,2.3,0.0
EBAjYzSK1YPLGRgDiP4dJ3n3ZxdbNoEhiuNRVvioRQRK,GcFZHQVJ2icPGLrA9qPLq88b7eqBXSUcdL1utUtUfcSD,19.6,0.0
EBMAwFMbWAFejYB9SsQ18hatBtJTRDB3ndLece3EPexK,BhFf5hLtcqhJGNqnLaFHAX5tnqcVnDvWdWqFvYaAEAWP,3.0,0.0
EDbc7f95Y2fVapVHzToq3YxDTPX6gKXHs8qJmX47dMBS,5QE4xYTFJQ3rpPNQn2qhNzL1RzCMdwmX2a3uVEU5GDiw,2.4,0.0
Ey4sAWv5cwU6JEygLbsQfPL6gqhk4oSMvgsX4T1NggtR,46AjVVtx6YgB6c8E4S9cVLfcg6FBHWkAcS5v9EXk9BQe,2.1,0.0
F46HD6HDgfSnafK9CaKcBFd3dx5ykGQ4zGy4pAzqR6Pb,HiDoY7gSM3T4fBArUGpxqLewe8oWLVh3dLWVDnpcfAXC,907.8,0.0
F46gcR9MMfWqcnYGSeSss9mQwVpzeJNWkvFsen4zR6pb,HiDoY7gSM3T4fBArUGpxqLewe8oWLVh3dLWVDnpcfAXC,27.7,0.0
FL996qvYcsHW9JPhiaQurK765yvyFzQ3KaCrTTjuee8B,46AjVVtx6YgB6c8E4S9cVLfcg6FBHWkAcS5v9EXk9BQe,3.6,0.0
Fdxtrp1m9xrPFNMX7Cgp84upTFxfFvCw66ZGf8tMpg5W,HSLdprGagNHwZ1TY41HKrVJeb3UCZVBvRpKrXQdvTth1,2.7,0.0
FvqwfvmBQnPJD7j9MtrYcuX57ExZ5j91ZyL4driN5LK1,BNYwvzHKgd6J3wCc4bbfFrB3PaZfTMmenkfmiDjzg86h,4.8,0.0
GBpQpMtkpDgLCWKJMn8NsrHpELpWWWAoppw4rUec5hFP,5URmUviWsAtcciFXqgM7f1jmhvBULdQDT47dqDkrJUi,0.0,50.0
GZUBJQ9j6wHTpkjAbCs7AzQxP62y2nsNLU7fRiBfhaPb,BNYwvzHKgd6J3wCc4bbfFrB3PaZfTMmenkfmiDjzg86h,3.1,0.0
Gx5Tx5uixkzVs5CGWbLVcqMy2Db7cnkxqyS9HtuTYcjf,BNYwvzHKgd6J3wCc4bbfFrB3PaZfTMmenkfmiDjzg86h,3.3,0.0
HBXcdTuqDsZEpFMc9dB7xrCnaJHKwnAhbF7mrqSNqMYm,46AjVVtx6YgB6c8E4S9cVLfcg6FBHWkAcS5v9EXk9BQe,17974.9,0.0
HPezEFqUaTh1YKiWN3fHbdVNyKU4PXm4ZWynZawFankH,Fm53USgUrpk1zoyJLhJA26XdLpCyctYkBK4HtPVfjZmC,5.1,0.0
HktxWPiFqChQo69gtSXtuWq2YksFi9EhKZr5HKbStTq,BhFf5hLtcqhJGNqnLaFHAX5tnqcVnDvWdWqFvYaAEAWP,0.0,15.0
JUoyPfc9pEgPfR7pC91J6tETD3gZr2BxT7gpcAge7qG,62RiLf12ZwYGEuPrs5TbLGf6FEMo6XzUUFmYNqmxcf3B,2.3,0.0
SQ7u22oq6VoKnMp6YgRnJj3SdCWLTfZ3FYTHifQQkPr,2MThFaoJWCQfJEgHMBSU1LFrGPbrNdaEYHdXLB9xZUxy,15.1,0.0
fTpLqKsF2c2YRx1wxYHAUVAQe6LTZK3irrZwx7p6E8L,5QE4xYTFJQ3rpPNQn2qhNzL1RzCMdwmX2a3uVEU5GDiw,2.5,0.0
3CgvbiM3op4vjrrjH2zcrQUwsqh5veNVRjFCB9N6sRoD,GBpQpMtkpDgLCWKJMn8NsrHpELpWWWAoppw4rUec5hFP,0.5,90.0
3LoAYHuSd7Gh8d7RTFnhvYtiTiefdZ5ByamU42vkzd76,4sV9JxTEA6GNdydNr75yxY9AT3mvm1DTedaBpg9AwosM,0.1,2665.0
3dmN2tEYR43eNFLu1R9wBBs44foYFbweocyJhR2YW1B9,4sV9JxTEA6GNdydNr75yxY9AT3mvm1DTedaBpg9AwosM,11.1,0.0
5VCwKtCXgCJ6kit5FybXjvriW3xELsFDhYrPSqtJNmcD,3k5yPW1XbXgtpRzhABTfrNzXscEECaHVhTp4NV5Z3V5d,79.3,0.0
5VCwKtCXgCJ6kit5FybXjvriW3xELsFDhYrPSqtJNmcD,4sV9JxTEA6GNdydNr75yxY9AT3mvm1DTedaBpg9AwosM,12.2,0.0
5VCwKtCXgCJ6kit5FybXjvriW3xELsFDhYrPSqtJNmcD,9wbT3eXXLfkSgKVND8PVoy4YqEtDN1yw7DLGYJdwDuSb,32.9,0.0
5srqHu5MM373dCbbqWtt1twnDjzWwxcJNJfBMwkz6Eaj,4sV9JxTEA6GNdydNr75yxY9AT3mvm1DTedaBpg9AwosM,0.0,2165.0
75jTZDE78xpBJokeB2BcimRNY5BZ7U45bWhpgUrTzWZC,3k5yPW1XbXgtpRzhABTfrNzXscEECaHVhTp4NV5Z3V5d,4.2,0.0
7KxWqQPFELLKrLUQuvqN9okVNAL8WmkHUcPohR6YaaM8,9wbT3eXXLfkSgKVND8PVoy4YqEtDN1yw7DLGYJdwDuSb,37.0,0.0
7iWnBRRhBCiNXXPhqiGzvvBkKrvFSWqqmxRyu9VyYBxE,4sV9JxTEA6GNdydNr75yxY9AT3mvm1DTedaBpg9AwosM,0.0,247.0
8X5tAh7EcafARDGhmLHxkiG5CousuB1yLtYsbuM9tD1T,4sV9JxTEA6GNdydNr75yxY9AT3mvm1DTedaBpg9AwosM,6.4,0.0
8iibPkw7zbNHMPcihHeBgcL7rDnHteZb2NfvTy8bNm7d,9wbT3eXXLfkSgKVND8PVoy4YqEtDN1yw7DLGYJdwDuSb,3.5,0.0
BNZPZfmuoWFjvnPRasn6oxWF326Mq2jXv6JpY2AdcqbU,3k5yPW1XbXgtpRzhABTfrNzXscEECaHVhTp4NV5Z3V5d,46.6,0.0
DSN3j1ykL3obAVNv7ZX49VsFCPe4LqzxHnmtLiPwY6xg,4sV9JxTEA6GNdydNr75yxY9AT3mvm1DTedaBpg9AwosM,0.0,834.0
DSN3j1ykL3obAVNv7ZX49VsFCPe4LqzxHnmtLiPwY6xg,GBpQpMtkpDgLCWKJMn8NsrHpELpWWWAoppw4rUec5hFP,0.0,232.0
Dmxorjd4sTV6ko6cRgEinrFjquKkbyeYMKb5cAx5DQhG,9wbT3eXXLfkSgKVND8PVoy4YqEtDN1yw7DLGYJdwDuSb,0.0,500.0
DwLE8DTN7KeUdjK3GHcVBef2zw36qGmtwoKKjpHoPVG6,3k5yPW1XbXgtpRzhABTfrNzXscEECaHVhTp4NV5Z3V5d,70.5,0.0
Ez46iDpv7HU8xJCQ48khUxthdTf3vMRfc8DGcS4pRAVa,GBpQpMtkpDgLCWKJMn8NsrHpELpWWWAoppw4rUec5hFP,0.0,211.0
FKZsMbwsXCi3HX7X3NpNF1cJSSTpnAyTcKPW7MD3orBx,GBpQpMtkpDgLCWKJMn8NsrHpELpWWWAoppw4rUec5hFP,0.0,18.0
FoSDw2L5DmTuQTFe55gWPDXf88euaxAEKFre74CnvQbX,3k5yPW1XbXgtpRzhABTfrNzXscEECaHVhTp4NV5Z3V5d,8.8,206.0
GMjGLWzvK75LPetrgAmdeXnvxc4fUuQPwJxeQqTDU1aG,9wbT3eXXLfkSgKVND8PVoy4YqEtDN1yw7DLGYJdwDuSb,0.0,38.0
GP8StUXNYSZjPikyRsvkTbvRV1GBxMErb59cpeCJnDf1,4sV9JxTEA6GNdydNr75yxY9AT3mvm1DTedaBpg9AwosM,16.1,767.0
GP8StUXNYSZjPikyRsvkTbvRV1GBxMErb59cpeCJnDf1,GBpQpMtkpDgLCWKJMn8NsrHpELpWWWAoppw4rUec5hFP,0.0,50.0
HFqp6ErWHY6Uzhj8rFyjYuDya2mXUpYEk8VW75K9PSiY,4sV9JxTEA6GNdydNr75yxY9AT3mvm1DTedaBpg9AwosM,0.0,320.0
HFqp6ErWHY6Uzhj8rFyjYuDya2mXUpYEk8VW75K9PSiY,GBpQpMtkpDgLCWKJMn8NsrHpELpWWWAoppw4rUec5hFP,2.3,69.0
HV1KXxWFaSeriyFvXyx48FqG9BoFbfinB8njCJonqP7K,9wbT3eXXLfkSgKVND8PVoy4YqEtDN1yw7DLGYJdwDuSb,0.0,191.0
HV1KXxWFaSeriyFvXyx48FqG9BoFbfinB8njCJonqP7K,GBpQpMtkpDgLCWKJMn8NsrHpELpWWWAoppw4rUec5hFP,0.0,19.0
j1oAbxxiDUWvoHxEDhWE7THLjEkDQW2cSHYn2vttxTF,GBpQpMtkpDgLCWKJMn8NsrHpELpWWWAoppw4rUec5hFP,0.0,43.0
